GB1114;ПРЯЖКА МАГНИТНЫЙ ЗАМОК «MICRON»;32;17;Пряжка;143
GB1146;ПРЯЖКА ЗАМОК «MICRON»;39;33;Пряжка;154
GB1220;ПРЯЖКА «MICRON»;25;25;Пряжка;55
GB1271;ПРЯЖКА «MICRON»;60;20;Пряжка;177
GB1228;ПРЯЖКА «MICRON»;32;38;Пряжка;122
GB1115;ПРЯЖКА «MICRON»;35;12;Пряжка ;181
GB1226;ПРЯЖКА «MICRON»;37;25;Пряжка ;45
GB1217;ПРЯЖКА «MICRON»;32;27;Пряжка;60
MP015;ШЛЕВКА СК;60;39;Шлевка;30
MP025;ШЛЕВКА СК;67;67;Шлевка;44
GB1281;ПРЯЖКА «MICRON»;26;23;Пряжка;64
GB1138;ПРЯЖКА С ОРНАМЕНТОМ «MICRON»;45;35;Пряжка;111
GB1152;ПРЯЖКА ПРЯМОУГОЛЬНАЯ «MICRON»;40;32;Пряжка ;140
MP022;ШЛЕВКА СК;66;40;Шлевка;37
GB1151;ПРЯЖКА ПРЯМОУГОЛЬНАЯ «MICRON»;60;45;Пряжка;173
MP017;ШЛЕВКА СК;50;46;Шлевка;30
GB1230;ПРЯЖКА «MICRON»;50;35;Пряжка;84
MP030;ШЛЕВКА СК;45;45;Шлевка;65
MP026;ШЛЕВКА СК;55;55;Шлевка;37
MP029;ШЛЕВКА СК;70;70;Шлевка;104
GB1284;ПРЯЖКА ДЛЯ МУЖСКОГО РЕМНЯ «MICRON»;55;45;Пряжка;395
MP020;ШЛЕВКА СК;68;44;Шлевка;41
GB1150;ШЛЕВКА ПРЯМОУГОЛЬНАЯ СК;84;50;Пряжка;242
MP014;ШЛЕВКА СК;61;71;Шлевка;51
GB1605;ПРЯЖКА ДЛЯ МУЖСКОГО РЕМНЯ «MICRON»;60;52;Пряжка;382
GB1403;ПРЯЖКА «MICRON»;35;40;Пряжка;100
GB1259;ПРЯЖКА «MICRON» СК;60;60;Пряжка;118
GB1397;ПРЯЖКА СО СТРАЗАМИ «MICRON»;32;32;Пряжка;67
GB1218;ПРЯЖКА «MICRON» СК;57;30;Пряжка;53
GB1400;ПРЯЖКА СО СТРАЗАМИ «MICRON»;30;15;Пряжка ;66
MP021;ШЛЕВКА «MICRON» СК;67;67;Шлевка;58
MP023;ШЛЕВКА «MICRON» СК;61;41;Шлевка;34
GB1287;ПРЯЖКА ДЛЯ МУЖСКОГО РЕМНЯ «MICRON»;60;45;Пряжка;445
GB1292;ПРЯЖКА ДЛЯ МУЖСКОГО РЕМНЯ «MICRON»;65;37;Пряжка;228
GB1604;ПРЯЖКА ДЛЯ МУЖСКОГО РЕМНЯ «MICRON»;64;52;Пряжка;342
MP016;ПРЯЖКА «MICRON» СК;70;89;Пряжка;69
GB1270;ПРЯЖКА «MICRON»;26;26;Пряжка;77
MP035;ПРЯЖКА «MICRON» СК;72;83;Пряжка;68
GB1483;ПРЯЖКА «MICRON» СК;47;35;Пряжка;58
GB1286;ПРЯЖКА ДЛЯ МУЖСКОГО РЕМНЯ «MICRON»;70;45;Пряжка;473
GB1341;ПРЯЖКА СО СТРАЗАМИ ДЛЯ ЖЕНСКОГО РЕМНЯ «MICRON»;71;67;Пряжка;170
GB1411;ПРЯЖКА СО СТРАЗАМИ «MICRON»;30;22;Пряжка;80
GB1258;ПРЯЖКА «MICRON» СК;75;75;Пряжка;168
GP1129;ПРЯЖКА СО СТРАЗАМИ «MICRON»;22;16;Пряжка;65
GB1412;ПРЯЖКА СО СТРАЗАМИ «MICRON»;30;45;Пряжка;79
GB1277;ПРЯЖКА «MICRON»;32;34;Пряжка;81
GB1302;ПРЯЖКА СО СТРАЗАМИ «MICRON»;25;30;Пряжка;155
GB1285;ПРЯЖКА ДЛЯ МУЖСКОГО РЕМНЯ «MICRON»;50;40;Пряжка;418
MP027;ПРЯЖКА «MICRON»;91;91;Пряжка;114
GB1121;ПРЯЖКА СО СТРАЗАМИ ДЕКОРАТИВНАЯ «MICRON»;12;16;Пряжка;17
GB1290;ПРЯЖКА ДЛЯ МУЖСКОГО РЕМНЯ «MICRON»;65;37;Пряжка;215
GB1135;ПРЯЖКА СО СТРАЗАМИ «СЕРДЦЕ» «MICRON»;40;20;Пряжка;181
GB1545;ПРЯЖКА «MICRON»;44;32;Пряжка;142
GB1395;ПРЯЖКА СО СТРАЗАМИ «MICRON»;44;44;Пряжка;112
GB1492;ПРЯЖКА «MICRON»;62;42;Пряжка;119
GB1171;ПРЯЖКА СО СТРАЗАМИ «MICRON»;30;30;Пряжка;133
GB1488;ПРЯЖКА «MICRON»;55;67;Пряжка;247
GB1155;ПРЯЖКА СО СТРАЗАМИ «MICRON»;50;50;Пряжка;230
GB1343;ПРЯЖКА ДЛЯ ЖЕНСКОГО РЕМНЯ «MICRON»;66;50;Пряжка;123
GB1282;ПРЯЖКА ПОДКОВА «MICRON»;35;50;Пряжка;60
GB1283;ПРЯЖКА «MICRON»;30;40;Пряжка;188
MP018;ПРЯЖКА «MICRON»;80;80;Пряжка;58
GB1204;ПРЯЖКА СО СТРАЗАМИ «MICRON»;45;61;Пряжка;409
GB1598;ПРЯЖКА «MICRON»;25;25;Пряжка;85
GB1482;ПРЯЖКА «MICRON»;42;33;Пряжка;67
GB1491;ПРЯЖКА «MICRON»;77;61;Пряжка;293
GB1156;ПРЯЖКА СО СТРАЗАМИ «MICRON»;35;35;Пряжка;280
GB1591;ПРЯЖКА СО СТРАЗАМИ «MICRON»;32;32;Пряжка;191
GB1495;ПРЯЖКА СО СТРАЗАМИ «MICRON»;47;44;Пряжка;207
GB1191;ПРЯЖКА СО СТРАЗАМИ «MICRON»;20;35;Пряжка;89
MP038;ШЛЕВКА «MICRON» СК;50;50;Шлевка;51
GB1420;ПРЯЖКА СО СТРАЗАМИ ДЛЯ ЖЕНСКОГО РЕМНЯ «MICRON»;85;58;Пряжка;232
GB1490;ПРЯЖКА «MICRON»;58;73;Пряжка;86
GB1291;ПРЯЖКА ДЛЯ МУЖСКОГО РЕМНЯ «MICRON»;60;37;Пряжка;541
GB1396;ПРЯЖКА СО СТРАЗАМИ «MICRON»;30;30;Пряжка;71
GB1445;ПРЯЖКА ДЛЯ МУЖСКОГО РЕМНЯ «MICRON»;59;35;Пряжка;396
GB1409;ПРЯЖКА «MICRON»;40;30;Пряжка;66
GB1408;ПРЯЖКА «MICRON»;33;44;Пряжка ;113
GB1340;ПРЯЖКА ДЛЯ ЖЕНСКОГО РЕМНЯ «MICRON»;86;68;Пряжка;555
GB1342;ПРЯЖКА ДЛЯ ЖЕНСКОГО РЕМНЯ «MICRON»;92;55;Пряжка;166
51300;ПРЯЖКА СО СТРАЗАМИ «СВАРОВСКИ»;13;13;Пряжка;109
MP032;ШЛЕВКА «MICRON» СК;71;71;Шлевка;205
GB1193;ПРЯЖКА СО СТРАЗАМИ «MICRON»;35;50;Пряжка;166
GB1539;ПРЯЖКА ДЛЯ РЕМНЯ «MICRON»;105;72;Пряжка;1099
GB1414;ПРЯЖКА СО СТРАЗАМИ «MICRON»;46;23;Пряжка;294
GB1540;ПРЯЖКА ДЛЯ РЕМНЯ «MICRON»;110;68;Пряжка;1221
GB1231;ПРЯЖКА «MICRON»;74;44;Пряжка;120
GB1538;ПРЯЖКА СО СТРАЗАМИ ДЛЯ РЕМНЯ «MICRON»;85;45;Пряжка;1253
GB1586;ПРЯЖКА СО СТРАЗАМИ «MICRON»;29;29;Пряжка;206
51307;ПРЯЖКА СО СТРАЗАМИ «СВАРОВСКИ»;19;10;Пряжка;123
GB1500;ПРЯЖКА СО СТРАЗАМИ «MICRON»;49;37;Пряжка;422
GB1499;ПРЯЖКА СО СТРАЗАМИ «MICRON»;52;52;Пряжка;121
GB1418;ПРЯЖКА СО СТРАЗАМИ ДЛЯ ЖЕНСКОГО РЕМНЯ «MICRON»;93;55;Пряжка;502
GB1597;ПРЯЖКА «MICRON»;38;38;Пряжка;343
GB1203;ПРЯЖКА СО СТРАЗАМИ КВАДРАТ «MICRON»;34;34;Пряжка;316
GB1186;ПРЯЖКА СО СТРАЗАМИ ОВАЛ «MICRON»;45;35;Пряжка;223
GB1584;ПРЯЖКА СО СТРАЗАМИ «СВАРОВСКИ»;40;28;Пряжка;218
51309;ПРЯЖКА СО СТРАЗАМИ «СВАРОВСКИ»;43;23;Пряжка;701
GB1404;ПРЯЖКА СО СТРАЗАМИ «MICRON»;35;42;Пряжка;79
GB1501;ПРЯЖКА СО СТРАЗАМИ «MICRON»;50;36;Пряжка;196
GB1507;ПРЯЖКА СО СТРАЗАМИ «MICRON»;41;43;Пряжка;243
GB1136;ПРЯЖКА СО СТРАЗАМИ «MICRON»;37;28;Пряжка;223
GB1537;ПРЯЖКА СО СТРАЗАМИ ДЛЯ РЕМНЯ «MICRON»;90;70;Пряжка;953
GB1124;ПРЯЖКА СО СТРАЗАМИ ДЕКОРАТИВНАЯ «MICRON»;55;14;Пряжка;72
GB1223;ПРЯЖКА СО СТРАЗАМИ «MICRON»;33;25;Пряжка;327
GB1215;ПРЯЖКА «MICRON»;37;25;Пряжка;158
51306;ПРЯЖКА СО СТРАЗАМИ «СВАРОВСКИ»;35;25;Пряжка;272
GB1202;ПРЯЖКА СО СТРАЗАМИ КВАДРАТ «MICRON»;40;40;Пряжка;166
GB1201;ПРЯЖКА СО СТРАЗАМИ КВАДРАТ «MICRON»;45;45;Пряжка;192
51301;ПРЯЖКА СО СТРАЗАМИ «СВАРОВСКИ»;16;16;Пряжка;401
GB1552;ПРЯЖКА «MICRON»;35;35;Пряжка;131
GB1590;ПРЯЖКА СО СТРАЗАМИ «MICRON»;47;47;Пряжка;313
MP005;ПРЯЖКА «MICRON»;36;25;Пряжка;74
GB1293;ПРЯЖКА ДЛЯ МУЖСКОГО РЕМНЯ «MICRON»;35;55;Пряжка;132
MP008;ПРЯЖКА «MICRON»;30;30;Пряжка;79
GB1288;ПРЯЖКА ДЛЯ МУЖСКОГО РЕМНЯ «MICRON»;80;42;Пряжка;534
MP003;ПРЯЖКА «MICRON»;18;18;Пряжка;51
GB1535;ПРЯЖКА ДЛЯ РЕМНЯ «MICRON»;141;99;Пряжка;540
51305;ПРЯЖКА СО СТРАЗАМИ «СВАРОВСКИ»;26;18;Пряжка;349
ЦВ1;ЦЕПОЧКА-ВЕШАЛКА УСИЛЕННАЯ;80;11;Фурнитура для одежды;64
PK-03;ФУРНИТУРА ПЛАСТИК «MICRON»;160;63;Фурнитура для одежды;22
8341;Auchan;75;30;Нашивка;5.4
64120;Пуговица джинсовая;20;20;Пуговица круглая;1.7
CB1-01;CB1-01 Текстильные застежки СК;60;20;Застежка;17
CB1-02;CB1-02 Текстильные застежки СК черный;75;6;Застежка;16
CB1-03;CB1-03 Текстильные застежки СК черный;70;20;Застежка;22
CB1-04;CB1-04 Текстильные застежки СК;10;8;Застежка;16
GB-1161;"Булавка декоративная ""Micron""";10;5;Булавка;134
GH-1001;"""Micron"" GH 1001 Застёжка";50;20;Застежка;808
GH-1004;"""Micron"" GH 1004 Застёжка";60;20;Застежка;525
GH-1005;"""Micron"" GH 1005 Застёжка";28;16;Застежка;317
GH-1007;"""Micron"" GH 1007 Застёжка СК";60;18;Застежка;364
GH-1008;"""Micron"" GH 1008 Застёжка СК";50;35;Застежка;844
GH-1009;"""Micron"" GH 1009 Застёжка";46;12;Застежка;278
GH-1010;"""Micron"" GH 1010 Застёжка СК";55;20;Застежка;355
GH-1012;"""Micron"" GH 1012 Застёжка";37;22;Застежка;1258
GH-1013;"""Micron"" GH 1013 Застёжка";50;46;Застежка;610
GH-1014;"""Micron"" GH 1014 Застёжка СК";57;25;Застежка;1494
GH-1015;"""Micron"" GH 1015 Застёжка СК";55;30;Застежка;1653
GH-1016;"""Micron"" GH 1016 Застёжка СК";50;33;Застежка;1650
GH-1017;"""Micron"" GH 1017 Застёжка СК";75;35;Застежка;994
GH-1018;"""Micron"" GH 1018 Застёжка";48;15;Застежка;220
GH-1020;"""Micron"" GH 1020 Застёжка";20;10;Застежка;101
GH-1021;"""Micron"" GH 1021 Застёжка";32;16;Застежка;116
GH-1023;"""Micron"" GH 1023 Застёжка СК";36;16;Застежка;295
GH-1026;"""Micron"" GH 1026 Застёжка";35;15;Застежка;90
GH-1027;"""Micron"" GH 1027 Застёжка СК";34;20;Застежка;82
GH-1028;"""Micron"" GH 1028 Булавка декоративная СК";63;16;Булавка;367
GH-1029;"""Micron"" GH 1029 Булавка декоративная СК";63;16;Булавка;561
GH-1030;"""Micron"" GH 1030 Булавка декоративная СК";46;14;Булавка;277
GH-1031;"""Micron"" GH 1031 Застёжка";42;13;Застежка;217
GH-1033;"""Micron"" GH 1033 Застёжка";22;11;Застежка;93
GH-1035;"""Micron"" GH 1035 Булавка декоративная СК";40;40;Булавка;284
GH-1036;"""Micron"" GH 1036 Булавка декоративная СК";50;30;Булавка;119
GH-1037;"Micron"" GH 1037 Булавка декоративная СК";33;33;Булавка;117
GH-1038;"""Micron"" GH 1038 Булавка декоративная СК";32;35;Булавка;180
GH-1039;"""Micron"" GH 1039 Булавка декоративная СК";30;25;Булавка;104
GH-1047;"""Micron"" GH 1047 Застёжка";40;30;Застежка;445
GH-1048;"""Micron"" GH 1048 Застёжка";70;30;Застежка;279
GH-1049;"""Micron"" GH 1049 Застежка";45;10;Застежка;163
GH-1051;"""Micron"" GH 1051 Застёжка";50;30;Застежка;324
GH-1055;"""Micron"" GH 1055 Застёжка";35;10;Застежка;155
GH-1060;"""Micron"" GH 1060 Застёжка";35;15;Застежка;375
GH-1061;"""Micron"" GH 1061 Застёжка СК";40;20;Застежка;236
GH-1063;"""Micron"" GH 1063 Булавка декоративная";39;10;Булавка;251
GH-1065;"""Micron"" GH 1065 Булавка декоративная";39;21;Булавка;403
GH-1066;"""Micron"" GH 1066 Булавка декоративная";47;15;Булавка;508
GH-1070;"""Micron"" GH 1070 Застёжка";68;46;Застежка;293
GH-1072;"""Micron"" GH 1072 Застёжка";18;59;Застежка;173
GH-1073;"""Micron"" GH 1073 Застёжка";35;27;Застежка;173
ZBG-1;ZBG Застёжки для бабочек и галстуков;18;18;Застежка;10
FER-11;"""Zlatka"" FER-11 Декоративная цепочка для сумки 120х0.5 см";120;5;Цепочка декоративная;138
MI-06;"Цепочка декоративная ""Micron""";3;3;Цепочка декоративная;0.79
MI-07;"Цепочка декоративная ""Micron""";2;2;Цепочка декоративная;0.95
MI-16;"Цепочка декоративная ""Micron""";2;2;Цепочка декоративная;0.71
MI-15;"Цепочка декоративная ""Micron""";4;6;Цепочка декоративная;1
FER-12;"""Zlatka"" FER-12 Декоративная цепочка для сумки 40х0.5 см";40;5;Цепочка декоративная;98
MI-02;"Цепочка декоративная ""Micron""";2;2;Цепочка декоративная;0.58
MI-09;"Цепочка декоративная ""Micron""";4;3;Цепочка декоративная;1.21
MI-20;"Цепочка декоративная ""Micron""";4;5;Цепочка декоративная;0.99
MI-24;"Цепочка декоративная ""Micron"" под серебро";11;6;Цепочка декоративная;1.15
ARS-4;"""Ars Hobby"" Цепочка металлическая, размер 5x2x0.5 мм, упаковка 1 м, цвет свинцовый черный СК";2;0.5;Цепочка декоративная;97
ARS-5;"""Ars Hobby"" Цепочка металлическая, размер 5x2x0.5 мм, упаковка 1 м, цвет серебро СК";2;0.5;Цепочка декоративная;97
340A-054;"""Beadalon"" Цепочка металлическая DBL диаметр 2,0 мм, упаковка 1 м, цвет золото СК";2;2;Цепочка декоративная;711
HOL-01;Хольнитены 33.5 ФАСОВКА d 9 мм 10 шт;9;9;Хольнитены;33
HOL-02;Хольнитены 33 ФАСОВКА d 7 мм 10 шт;7;7;Хольнитены;32
HOL-04;Хольнитены 0 ФАСОВКА d 6 мм 10 шт ТУ;6;6;Хольнитены;32
STTR-1;СТРАЗА 1000шт;10;10;Стразы;1605
STTR-2;Стразы 9 мм 150 гр;9;9;Стразы;962
STTR-3;СТРАЗА 20SS 720шт;13;13;Стразы;1506
STTR-4;СТРАЗА 34SS АВ 288ШТ ДМС;10;5;Стразы;1307
STTR-5;СТРАЗЫ СВАРОВСКИ 16ММ КРИСТ .ПРИШ.;16;5;Стразы;5217
STTR-6;СТРАЗА 10ММ КРИСТАЛ;10;5;Стразы;1605
STTR-7;СТРАЗА 12ММ КРИСТАЛ;12;5;Стразы;1705
STTR-8;"СТРАЗА ""ЕЖЕВИКА"" 25ММ";25;15;Стразы;638
STTR-9;СТРАЗА 18ММ КРУГ 250ШТ/УП;18;10;Стразы;673
STTR-10;СТРАЗА 13Х18 КАПЛЯ;13;18;Стразы;531
STTR-11;СТРАЗА 8Х13 КАПЛЯ;8;13;Стразы;796
STTR-12;СТРАЗА 14Х14;14;14;Стразы;531
STTR-13;СТРАЗА 10ММ КРУГ;10;10;Стразы;796
STTR-14;СТРАЗА 14ММ КРГУ;14;14;Стразы;700
STTR-15;СТРАЗА 14ММ;14;14;Стразы;825
STTR-16;СТРАЗА 15ММ КРГУ;15;15;Стразы;2121
STTR-17;СТРАЗА 25ММ КОЛЬЦО;25;20;Стразы;383
STTR-18;СТРАЗА 30ММ;30;30;Стразы;690
STTR-19;СТРАЗА В МЕТ. КАПЛЯ;13;18;Стразы;829
STTR-20;"СТРАЗА ""КАПЛЯ"" 10*14";10;15;Стразы;712
STTR-21;"СТРАЗА ""КАПЛЯ"" 10*14 КРАСНАЯ";10;14;Стразы;750
STTR-22;СТРАЗА 10ММ В МЕТАЛЛЕ;10;12;Стразы;350
STTR-23;"СТРАЗА ""ЛИСТ"" 7*15";7;15;Стразы;1184
STTR-24;"СТРАЗА ""ЛИСТ"" 6*10";6;10;Стразы;1186
STTR-25;СТРАЗА 7-8ММ ПРИШИВНАЯ В ЦАПАХ;7;8;Стразы;354
STTR-26;СТРАЗА 16SS КРИСТАЛЛ 1440ШТ АСФОР;16;10;Стразы;1614
STTR-27;СТРАЗА 34SS АВ 288ШТ ДМС;10;10;Стразы;711
STTR-28;СТРАЗА 30SS ЦВЕТНЫЕ 288ШТ ДМС;13;13;Стразы;684
STTR-29;СТРАЗА 20SS КРИСТАЛЛ 1440ШТ AСФОР;20;20;Стразы;2576
STTR-30;СТРАЗА 10SS ЦВЕТНЫЕ 1440ШТ/УП AСФОР;10;10;Стразы;1514
STTR-31;СТРАЗА 16SS КРИСТАЛЛ 1440ШТ ДМС;16;16;Стразы;998
STTR-32;СТРАЗА 16SS КРИСТАЛЛ 1440ШТ ДМС;16;16;Стразы;1100
STTR-33;"СТРАЗА ASF ""КРИСТАЛЛ"" 51ММ";50;35;Стразы;1580
DB3360;"Концевики ""Micron"" DB 3360 цветные";3;13;Концевик;19
DB4400;"Концевики ""Micron"" DB 4400 цветные";3;15;Концевик;19
A2266;"Концевики ""Micron"" A 2266";4;20;Концевик;11
GB1298;"Концевики ""Micron"" GB 1298 декоративные";3;5;Концевик;41
GB1608;"Концевики ""Micron"" GB 1608 декоративные";2;7;Концевик;70
GB1611;"Концевики ""Micron"" GB 1611 декоративные";5;11;Концевик;99
GB1212;"Концевики ""Micron"" GB 1212 декоративные СК";3;7;Концевик;54
GB1211;"Концевики ""Micron"" GB 1211 декоративные СК";5;12;Концевик;60
GB1260;"Концевики ""Micron"" GB 1260 декоративные";2;7;Концевик;91
GB1610;"Концевики ""Micron"" GB 1610 декоративные СК";6;12;Концевик;59
GB1148;"Концевики ""Micron"" GB 1148 декоративные СК";4;8;Концевик;38
GB1264;"Концевики ""Micron"" GB 1264 декоративные";7;15;Концевик;100
GB1267;"Концевики ""Micron"" GB 1267 декоративные";7;11;Концевик;97
GB1183;"Концевики ""Micron"" GB 1183 декоративные СК";2;6;Концевик;42
GB1613;"Концевики ""Micron"" GB 1613 декоративные";4;13;Концевик;116
GB1268;"Концевики ""Micron"" GB 1268 декоративные";3;6;Концевик;115
GB1182;"Концевики ""Micron"" GB 1182 декоративные СК";3;8;Концевик;36
GB1609;"Концевики ""Micron"" GB 1609 декоративные";5;13;Концевик;127
GB1140;"Концевики ""Micron"" GB 1140 декоративные СК";1;12;Концевик;15
GB1295;"Концевики ""Micron"" GB 1295 декоративные СК";2;6;Концевик;39
GB1297;"Концевики ""Micron"" GB 1297 декоративные СК";7;15;Концевик;38
27106Н;Концевики 27106 Н;11;18;Концевик;3
A1186;"Зажимы ""Micron"" A 1186";4;20;Зажимы;14
A5562;"Зажимы ""Micron"" A 5562";3;14;Зажимы;14
A1152;"Зажимы ""Micron"" A 1152 цветные";5;20;Зажимы;31
A1182;"Зажимы ""Micron"" A 1186 цветные";4;20;Зажимы;31
DA5552;"Зажимы ""Micron"" DA 5552";3;24;Зажимы;14
A2260;"Зажимы ""Micron"" A 2260";5;18;Зажимы;14
A1153;"Зажимы ""Micron"" A 1152";5;20;Зажимы;14
A5563;"Зажимы ""Micron"" A 5562 цветные";3;14;Зажимы;31
A1198;"Зажимы ""Micron"" A 1198";4;22;Зажимы;14
A1199;"Зажимы ""Micron"" A 1198 цветные";4;22;Зажимы;31
A1176;"Зажимы ""Micron"" A 1176";4;22;Зажимы;14
DA5553;"Зажимы ""Micron"" DA 5552 цветные";3;24;Зажимы;31
A1177;"Зажимы ""Micron"" A 1176 цветные";4;22;Зажимы;31
GB1266;"Зажимы ""Micron"" GB 1266 со стразами для двух шнуров";2;20;Зажимы;98
GB1262;"Зажимы ""Micron"" GB 1262 со стразами";3;10;Зажимы;146
A1193;"Зажимы ""Micron"" A 1193";4;22;Зажимы;45
A1194;"Зажимы ""Micron"" A 1193 цветные";4;22;Зажимы;31
A2288;"Зажимы ""Micron"" A 2288 цветные СК";3;18;Зажимы;31
GB1261;"Зажимы ""Micron"" GB 1261 со стразами";3;7;Зажимы;122
GB1265;"Зажимы ""Micron"" GB 1265 со стразами для двух шнуров";3;7;Зажимы;160
A5560;"Зажимы ""Micron"" A 5560";4;22;Зажимы;14
A5561;"Зажимы ""Micron"" A 5560 цветные СК";1;14;Зажимы;31
GB1263;"Зажимы ""Micron"" GB 1263 со стразами";2;2;Зажимы;117
27001СБ;Зажимы 27001 СБ;3;10;Зажимы;4
A2289;"Зажимы ""Micron"" A 2288";4;22;Зажимы;14
MK-04;"Фурнитура металл MK-04 Кольцо цв. ""Micron"" d внутр. 13.2 мм";1;13;Кольцо;6
MK-09;"Фурнитура металл MK-09 Кольцо ""Micron"" d внутр. 15 мм СК под серебро";1;15;Кольцо;5
GB1210;"Фурнитура со стразами ""Micron"" GB 1210 Кольцо d 25 мм СК";1;14;Кольцо;112
MK-01;"Фурнитура металл MK-01 Кольцо ""Micron"" d внутр. 22 мм";1;22;Кольцо;6
MK-05;"Фурнитура металл MK-05 Кольцо ""Micron"" d внутр. 9.6 мм";1;9;Кольцо;5
MK-041;"Фурнитура металл MK-04 Кольцо ""Micron"" d внутр. 13.2 мм";1;13;Кольцо;5
MK-051;"Фурнитура металл MK-05 Кольцо цв. ""Micron"" d внутр. 9.6 мм";1;9;Кольцо;5
MK-06;"Фурнитура металл MK-06 Кольцо ""Micron"" d внутр. 6.8 мм";1;6;Кольцо;5
MK-061;"Фурнитура металл MK-06 Кольцо цв. ""Micron"" d внутр. 6.8 мм";1;7;Кольцо;5
MK-03;"Фурнитура металл MK-03 Кольцо ""Micron"" d внутр. 18 мм";1;18;Кольцо;6
MK-01;"Фурнитура металл MK-01 Кольцо цв. ""Micron"" d внутр. 22 мм";1;18;Кольцо;7
GB1137;"Фурнитура со стразами ""Micron"" GB 1137 Кольцо d 25 мм СК";1;25;Кольцо;22
MK-02;"Фурнитура металл MK-02 Кольцо ""Micron"" d внутр. 18 мм";1;18;Кольцо;6
MK-031;"Фурнитура металл MK-03 Кольцо цв. ""Micron"" d внутр. 18 мм";1;19;Кольцо;6
MK-021;"Фурнитура металл MK-02 Кольцо цв. ""Micron"" d внутр. 18 мм";1;18;Кольцо;6
MK-07;"Фурнитура металл MK-07 Кольцо цв. ""Micron"" d внутр. 5.8 мм";1;6;Кольцо;4
GB1112;"Фурнитура металл GB 1112 Кольцо ""Micron"" d внутр. 60 мм СК";1;60;Кольцо;210
GB1209;"Фурнитура со стразами ""Micron"" GB 1209 Кольцо d 30 мм СК";1;30;Кольцо;112
MP045;"""Micron"" MP 045 Кольцо d 40 мм СК";1;40;Кольцо;81
GB1207;"Фурнитура со стразами ""Micron"" GB 1207 Кольцо d 40 мм СК";1;40;Кольцо;153
GB1205;"Фурнитура со стразами ""Micron"" GB 1205 Кольцо d 50 мм СК";1;50;Кольцо;159
MK-053;"Фурнитура металл MK-05 Кольцо цв. ""ассорти"" ""Micron"" d внутр. 9.6 мм 75 шт голубой/зеленый/розовый";1;10;Кольцо;147
MK-063;"Фурнитура металл MK-06 Кольцо цв. ""ассорти"" ""Micron"" d внутр. 6.8 мм 75 шт голубой/зеленый/розовый";1;7;Кольцо;140
B-10;"Бретели для бюстгальтеров ""Gamma"" B-10 в блистере 10 мм прозрачный";5;10;Застежка;107
ZB25-13;"Застежки для бюстгальтеров ""TORIONI"" ZB25-13 25 мм СК";5;25;Застежка;8
ZP-13;"Застежки для бюстгальтеров ""TORIONI"" ZP-13 ч/б 13 мм";5;13;Застежка;8
ZP-11;"Застежки для бюстгальтеров ""TORIONI"" ZP-11 цветные 11 мм";5;11;Застежка;8
ZP-111;"Застежки для бюстгальтеров ""TORIONI"" ZP-11 ч/б 11 мм";5;11;Застежка;8
RP01-10;"Фурнитура для бюстгальтеров ""TORIONI"" RP01-10 регулятор ленты цветные d 10 мм";5;10;Фурнитура для бюстгальтеров;3
ZP-09;"Застежки для бюстгальтеров ""TORIONI"" ZP-09 ч/б 9 мм";5;9;Застежка;8
ZP-091;"Застежки для бюстгальтеров ""TORIONI"" ZP-03 пластик 15 мм";5;15;Застежка;10
RP01-18;"Фурнитура для бюстгальтеров ""TORIONI"" RP01-18 регулятор ленты ч/б d 18 мм";5;18;Фурнитура для бюстгальтеров;3
ZP-112;"Застежки для бюстгальтеров ""TORIONI"" ZP-11 цветные 11 мм";5;11;Застежка;8
ZP-092;"Застежки для бюстгальтеров ""TORIONI"" ZP-09 9 мм прозрачный";5;9;Застежка;10
RP02-10;"Фурнитура для бюстгальтеров ""TORIONI"" RP02-10 регулятор ленты цветные d 10 мм";5;10;Фурнитура для бюстгальтеров;3
ZP-01;"Застежки для бюстгальтеров ""TORIONI"" ZP-01 пластик 20 мм";5;20;Застежка;20
RP02-101;"Фурнитура для бюстгальтеров ""TORIONI"" RP02-10 регулятор ленты ч/б d 10 мм";5;10;Фурнитура для бюстгальтеров;3
ZP-114;"Застежки для бюстгальтеров ""TORIONI"" ZP-11 11 мм СК прозрачный";5;10;Застежка;11
ZP-02;"Застежки для бюстгальтеров ""TORIONI"" ZP-02 пластик 9 мм";5;9;Застежка;9
BR-1020;"Бретели для бюстгальтеров ""Gamma"" BR-1020 в блистере 10 мм СК";5;10;Бретели;62
BR-1015;"Бретели для бюстгальтеров ""Gamma"" BR-1015 в блистере 10 мм СК";5;10;Бретели;62
BR-1018;"Бретели для бюстгальтеров ""Gamma"" BR-1018 в блистере 10 мм СК";5;10;Бретели;43
BR-1025;"Бретели для бюстгальтеров ""Gamma"" BR-1025 в блистере 10 мм СК";5;10;Бретели;62
ZP-04;"Застежки для бюстгальтеров ""TORIONI"" ZP-04 пластик 18 мм";5;18;Застежка;17
BR-1038;"Бретели для бюстгальтеров ""Gamma"" BR-1038 в блистере 10 мм СК";5;10;Бретели;62
ZP-133;"Застежки для бюстгальтеров ""TORIONI"" ZP-13 ч/б 13 мм";5;13;Застежка;8
B-15;"Бретели для бюстгальтеров ""Gamma"" B-15 15 мм прозрачный";5;15;Бретели;78
BR-1023 ;"Бретели для бюстгальтеров ""Gamma"" BR-1023 в блистере 10 мм СК";5;10;Бретели;25
ZPT-01;"Фурнитура для бюстгальтеров ""TORIONI"" ZPT-01 застежка для чулок 10 мм";5;10;Фурнитура для бюстгальтеров;17
BR-1036 ;"Бретели для бюстгальтеров ""Gamma"" BR-1036 в блистере 10 мм СК";5;10;Бретели;62
BR-1001;"Бретели для бюстгальтеров ""Gamma"" BR-1001 в блистере 10 мм СК";5;10;Бретели;62
BR-1039;"Бретели для бюстгальтеров ""Gamma"" BR-1039 в блистере 10 мм СК";5;10;Бретели;62
BR-1014;"Бретели для бюстгальтеров ""Gamma"" BR-1014 в блистере 10 мм СК";5;10;Бретели;43
ZPT-02;"Фурнитура для бюстгальтеров ""TORIONI"" ZPT-02 застежка для бретелей 12 мм";5;12;Фурнитура для бюстгальтеров;14
BR-1009 ;"Бретели для бюстгальтеров ""Gamma"" BR-1009 в блистере 10 мм СК";5;10;Бретели;43
KKP-05;"Фурнитура для бюстгальтеров ""TORIONI"" KKP-05 косточки для корсета 5 мм 250 мм пластик";5;250;Фурнитура для бюстгальтеров;8
BR-1034;"Бретели для бюстгальтеров ""Gamma"" BR-1034 в блистере 10 мм СК";5;10;Бретели;62
BR-1026;"Бретели для бюстгальтеров ""Gamma"" BR-1026 в блистере 10 мм СК";5;10;Бретели;62
BR-1030;"Бретели для бюстгальтеров ""Gamma"" BR-1030 в блистере 10 мм СК";5;10;Бретели;62
ZP-0923;"Застежки для бюстгальтеров ""TORIONI"" ZP-09 ч/б 9 мм СК черный";5;9;Застежка;6
BR-1037;"Бретели для бюстгальтеров ""Gamma"" BR-1037 в блистере 10 мм СК";5;10;Бретели;62
KKP-0515;"Фурнитура для бюстгальтеров ""TORIONI"" KKP-05 косточки для корсета 5 мм 300 мм пластик";5;300;Фурнитура для бюстгальтеров;9
KKP-06;"Фурнитура для бюстгальтеров ""TORIONI"" KKP-06 косточки для корсета 6 мм 250 мм СК пластик";5;250;Фурнитура для бюстгальтеров;5
ZBL-09;"Застежки для бюстгальтеров ""TORIONI"" на ленте ZBL 27 мм";5;27;Застежка;1.56
BR-1028;"Бретели для бюстгальтеров ""Gamma"" BR-1028 в блистере 10 мм СК";5;10;Бретели;62
RP02-22;"Фурнитура для бюстгальтеров ""BLITZ"" RP02-22 регулятор ленты ч/б d 22 мм";5;22;Фурнитура для бюстгальтеров;4
ZB25-136;"Застежки для бюстгальтеров ""BLITZ"" ZB25-13 25 мм";5;25;Застежка;9
ZB32-22;"Застежки для бюстгальтеров ""BLITZ"" ZB32-22 32 мм";5;32;Застежка;15
CP01-14;"Фурнитура для бюстгальтеров ""BLITZ"" CP01-14 кольцо d 14 мм прозрачный";5;14;Фурнитура для бюстгальтеров;21
ZB45-32;"Застежки для бюстгальтеров ""BLITZ"" ZB45-32 цветные 45 мм №004 бежевый";5;45;Застежка;21
BD-02 ;"Бретели для бюстгальтеров ""TORIONI"" BD-02 подарочная упаковка СК";5;11;Бретели;850
ZB25-1324;"Застежки для бюстгальтеров ""BLITZ"" ZB25-13 цветные 25 мм №004 бежевый";5;25;Застежка;30
RP02-222;"Фурнитура для бюстгальтеров ""BLITZ"" RP02-22 регулятор ленты d 22 мм прозрачный";5;22;Фурнитура для бюстгальтеров;4
CP02-13;"Фурнитура для бюстгальтеров ""TORIONI"" CP02-13 кольцо d 13 мм прозрачный";5;13;Фурнитура для бюстгальтеров;4
CP01-142;"Фурнитура для бюстгальтеров ""BLITZ"" CP01-14 кольцо ч/б d 14 мм";5;14;Фурнитура для бюстгальтеров;3
ZB25-12;"Застежки для бюстгальтеров ""BLITZ"" ZB25-12 25 мм";5;25;Застежка;9
RP02-13;"Фурнитура для бюстгальтеров ""BLITZ"" RP02-13 регулятор ленты ч/б d 13 мм";5;13;Фурнитура для бюстгальтеров;3
RP02-106;"Фурнитура для бюстгальтеров ""BLITZ"" RP02-10 регулятор ленты ч/б d 10 мм";5;10;Застежка;3
BD-04;"Бретели для бюстгальтеров ""TORIONI"" BD-04 подарочная упаковка СК";5;13;Бретели;831
BD-05;"Бретели для бюстгальтеров ""TORIONI"" BD-05 подарочная упаковка СК";5;42;Бретели;1186
HP-184;"Фурнитура для бюстгальтеров ""BLITZ"" HP-18 крючки ч/б 18 мм";5;18;Фурнитура для бюстгальтеров;4
KKM-04;"Фурнитура для бюстгальтеров ""BLITZ"" KKM-04 косточки для корсета 4 мм 300 мм металл";5;300;Фурнитура для бюстгальтеров;27
KKM-041;"Фурнитура для бюстгальтеров ""BLITZ"" KKM-04 косточки для корсета 4 мм 200 мм металл";5;200;Фурнитура для бюстгальтеров;19
KKM-042;"Фурнитура для бюстгальтеров ""BLITZ"" KKM-04 косточки для корсета 4 мм 150 мм металл";5;150;Фурнитура для бюстгальтеров;15
KB7-12;"Фурнитура для бюстгальтеров ""BLITZ"" KB7-12 косточки (пара) металл плоские";5;12;Фурнитура для бюстгальтеров;17
KKP-063;"Фурнитура для бюстгальтеров ""TORIONI"" KKP-06 косточки для корсета 6 мм 300 мм СК пластик";5;300;Фурнитура для бюстгальтеров;6
 B-1512;"Бретели для бюстгальтеров ""Gamma"" B-15 в блистере 15 мм прозрачный";5;15;Бретели;116
BM-0614;"Бретели для бюстгальтеров ""Gamma"" BM-06 в блистере 6 мм прозрачный";5;6;Бретели;103
BM-15;"Бретели для бюстгальтеров ""Gamma"" BM-15 в блистере 15 мм прозрачный";5;15;Бретели;121
B-06;"Бретели для бюстгальтеров ""Gamma"" B-06 в блистере 6 мм прозрачный";5;6;Бретели;98
BT037;"Застежки для бюстгальтеров ""TORIONI"" BT037 25 х 12 мм СК";5;12;Застежка;38
BT041;"Застежки для бюстгальтеров ""TORIONI"" BT041 16 х 13 мм СК";5;13;Застежка;39
BT039;"Застежки для бюстгальтеров ""TORIONI"" BT039 27 х 14 мм СК";5;14;Застежка;39
BT036;"Застежки для бюстгальтеров ""TORIONI"" BT036 металл 24 х 13 мм СК";5;13;Застежка;38
BT038 ;"Застежки для бюстгальтеров ""TORIONI"" BT038 25 х 12 мм СК";5;12;Застежка;37
BR-1006;"Бретели для бюстгальтеров ""Gamma"" BR-1006 в блистере 10 мм СК";5;10;Бретели;62
CP01-1432;"Фурнитура для бюстгальтеров ""TORIONI"" CP01-14 кольцо ч/б d 14 мм";5;14;Фурнитура для бюстгальтеров;3
RP01-1823;"Фурнитура для бюстгальтеров ""TORIONI"" RP01-18 регулятор ленты d 18 мм прозрачный";5;18;Фурнитура для бюстгальтеров;4
CP01-1211;"Фурнитура для бюстгальтеров ""TORIONI"" CP01-12 кольцо d 12 мм СК прозрачный";5;12;Фурнитура для бюстгальтеров;4
CP01-1433;"Фурнитура для бюстгальтеров ""TORIONI"" CP01-14 кольцо d 14 мм прозрачный";5;14;Фурнитура для бюстгальтеров;4
ZB38-22;"Застежки для бюстгальтеров ""BLITZ"" ZB38-22 38 мм";5;38;Застежка;15
ZB25-12;"Застежки для бюстгальтеров ""BLITZ"" ZB25-12 цветные 25 мм";5;25;Застежка;9
RP01-18 ;"Фурнитура для бюстгальтеров ""BLITZ"" RP01-18 регулятор ленты d 18 мм прозрачный";5;18;Фурнитура для бюстгальтеров;4
HP-11 ;"Фурнитура для бюстгальтеров ""BLITZ"" HP-11 крючки 11 мм";5;11;Фурнитура для бюстгальтеров;4
HP-111;"Фурнитура для бюстгальтеров ""BLITZ"" HP-11 крючки ч/б 11 мм
";5;11;Фурнитура для бюстгальтеров;4
HP-1321;"Фурнитура для бюстгальтеров ""BLITZ"" HP-13 крючки ч/б 13 мм
";5;13;Фурнитура для бюстгальтеров;4
HP-1833;"Фурнитура для бюстгальтеров ""BLITZ"" HP-18 крючки 18 мм";5;18;Фурнитура для бюстгальтеров;5
HP-181;"Фурнитура для бюстгальтеров ""BLITZ"" HP-18 крючки ч/б 18 мм";5;18;Фурнитура для бюстгальтеров;4
HP-1143;"Фурнитура для бюстгальтеров ""TORIONI"" HP-11 крючки цветные 11 мм СК ";5;11;Фурнитура для бюстгальтеров;3
HP-1386;"Фурнитура для бюстгальтеров ""TORIONI"" HP-13 крючки ч/б 13 мм СК ";5;13;Фурнитура для бюстгальтеров;3
HP-1890;"Фурнитура для бюстгальтеров ""TORIONI"" HP-18 крючки 18 мм СК ";5;18;Фурнитура для бюстгальтеров;5
HP-1887;"Фурнитура для бюстгальтеров ""TORIONI"" HP-18 крючки ч/б 18 мм";5;18;Фурнитура для бюстгальтеров;4
БХД-49-16-15513;Бахрома отделочная ш.5 см;15;50;Бахрома;396
БХО-38-2-13565;Бахрома отделочная ш.4 см;15;40;Бахрома;269
БХО-39-1-13566;Бахрома отделочная ш.4 см;25;40;Бахрома;264
КП-169-1-161281;Кружево плетеное ш.7 см;15;70;Бахрома;786
БХО-36-2-13567;Бахрома отделочная ш.4 см;15;40;Бахрома;247
БХО-36-2-135672;Бахрома отделочная ш.4 см;25;40;Бахрома;247
БХД-32-15-4528;Бахрома ш.2,5 см;15;25;Бахрома;296
БХД-36-11-5270;"Бахрома ""Кисточка"" ш.5,5 см";15;55;Бахрома;775
БХД-50-2-15644;Бахрома декоративная ш.3,8 см;15;38;Бахрома;230
БХО-44-3-15490;Бахрома отделочная ш.1,5 см;15;15;Бахрома;208
БХО-37-1-13581;Бахрома отделочная ш.2,5 см;25;25;Бахрома;198
БХО-7-2-50892;Бахрома отделочная ш.5 см;20;50;Бахрома;345
БХО-47-3-15493;Бахрома отделочная ш.7 см;15;70;Бахрома;368
1БХД-33-10-7587;Бахрома ш.15 см;15;150;Бахрома;1254
БХД-56-1-15788;Бахрома декоративная ш.6 см;25;60;Бахрома;813
БХО-45-3-15488;Бахрома отделочная ш.2,5 см;15;25;Бахрома;264
БХД-54-8-15820;Бахрома декоративная ш.15 см;15;150;Бахрома;860
БХД-52-1-157602;Бахрома декоративная ш.3 см;25;30;Бахрома;694
БХД-28-19-9935;Бахрома отделочная ш.20 см;15;200;Бахрома;1633
БХД-22-2-9968;Бахрома пайетка ш.60 см;15;600;Бахрома;2088
БХД-13-1-8975;Бахрома декоративная ш.4 см;15;40;Бахрома;506
БХО-21-2-2298;Бахрома отделочная ш.3,5 см;15;35;Бахрома;544
БХД-48-2-15033;Бахрома отделочная ш.7,5 см;25;75;Бахрома;1150
БХД-57-1-15769;Бахрома декоративная ш.30 см;20;300;Бахрома;1590
БХД-17-2-4533;Тесьма монетки ш.4 см;15;40;Бахрома;575
БХО-20-1-9948;Бахрома отделочная ш.7 см;15;70;Бахрома;623
БХО-10-1-6299;Бахрома отделочная ш.4 см;25;40;Бахрома;493
БХД-37-1-5271;Бахрома отделочная ш.5 см;15;50;Бахрома;396
БХО-33-1-11424;Бахрома люрекс ш.7см;15;70;Бахрома;767
БХО-27-1-10321;Бахрома отделочная ш.10 см;25;100;Бахрома;800
БХД-46-2-13350;Бахрома жемчуг ш.7,5 см;15;75;Бахрома;2637
БХД-50-2-14069;Бахрома люрекс ш.5 см;15;50;Бахрома;786
БХО-14-1-8085;Бахрома отделочная;15;65;Бахрома;756
БХД-49-2-140682;Бахрома Джинс ш.3 см;15;30;Бахрома;813
БХО-22-2-6298;Бахрома отделочная ш.5 см;20;50;Бахрома;544
БХО-31-3-10320;Бахрома отделочная ш.2 см;15;20;Бахрома;394
БХД-39-13359;Бахрома бисер ш.12 см;15;120;Бахрома;1087
БХО-29-1-11426;Бахрома люрекс ш.4 см;15;40;Бахрома;575
GB1114;ПРЯЖКА МАГНИТНЫЙ ЗАМОК «MICRON»;32;17;Пряжка;143
GB1146;ПРЯЖКА ЗАМОК «MICRON»;39;33;Пряжка;154
GB1220;ПРЯЖКА «MICRON»;25;25;Пряжка;55
GB1271;ПРЯЖКА «MICRON»;60;20;Пряжка;177
GB1228;ПРЯЖКА «MICRON»;32;38;Пряжка;122
GB1115;ПРЯЖКА «MICRON»;35;12;Пряжка ;181
GB1226;ПРЯЖКА «MICRON»;37;25;Пряжка ;45
GB1217;ПРЯЖКА «MICRON»;32;27;Пряжка;60
MP015;ШЛЕВКА СК;60;39;Шлевка;30
MP025;ШЛЕВКА СК;67;67;Шлевка;44
GB1281;ПРЯЖКА «MICRON»;26;23;Пряжка;64
GB1138;ПРЯЖКА С ОРНАМЕНТОМ «MICRON»;45;35;Пряжка;111
GB1152;ПРЯЖКА ПРЯМОУГОЛЬНАЯ «MICRON»;40;32;Пряжка ;140
MP022;ШЛЕВКА СК;66;40;Шлевка;37
GB1151;ПРЯЖКА ПРЯМОУГОЛЬНАЯ «MICRON»;60;45;Пряжка;173
MP017;ШЛЕВКА СК;50;46;Шлевка;30
GB1230;ПРЯЖКА «MICRON»;50;35;Пряжка;84
MP030;ШЛЕВКА СК;45;45;Шлевка;65
MP026;ШЛЕВКА СК;55;55;Шлевка;37
MP029;ШЛЕВКА СК;70;70;Шлевка;104
GB1284;ПРЯЖКА ДЛЯ МУЖСКОГО РЕМНЯ «MICRON»;55;45;Пряжка;395
MP020;ШЛЕВКА СК;68;44;Шлевка;41
GB1150;ШЛЕВКА ПРЯМОУГОЛЬНАЯ СК;84;50;Пряжка;242
MP014;ШЛЕВКА СК;61;71;Шлевка;51
GB1605;ПРЯЖКА ДЛЯ МУЖСКОГО РЕМНЯ «MICRON»;60;52;Пряжка;382
GB1403;ПРЯЖКА «MICRON»;35;40;Пряжка;100
GB1259;ПРЯЖКА «MICRON» СК;60;60;Пряжка;118
GB1397;ПРЯЖКА СО СТРАЗАМИ «MICRON»;32;32;Пряжка;67
GB1218;ПРЯЖКА «MICRON» СК;57;30;Пряжка;53
GB1400;ПРЯЖКА СО СТРАЗАМИ «MICRON»;30;15;Пряжка ;66
MP021;ШЛЕВКА «MICRON» СК;67;67;Шлевка;58
MP023;ШЛЕВКА «MICRON» СК;61;41;Шлевка;34
GB1287;ПРЯЖКА ДЛЯ МУЖСКОГО РЕМНЯ «MICRON»;60;45;Пряжка;445
GB1292;ПРЯЖКА ДЛЯ МУЖСКОГО РЕМНЯ «MICRON»;65;37;Пряжка;228
GB1604;ПРЯЖКА ДЛЯ МУЖСКОГО РЕМНЯ «MICRON»;64;52;Пряжка;342
MP016;ПРЯЖКА «MICRON» СК;70;89;Пряжка;69
GB1270;ПРЯЖКА «MICRON»;26;26;Пряжка;77
MP035;ПРЯЖКА «MICRON» СК;72;83;Пряжка;68
GB1483;ПРЯЖКА «MICRON» СК;47;35;Пряжка;58
GB1286;ПРЯЖКА ДЛЯ МУЖСКОГО РЕМНЯ «MICRON»;70;45;Пряжка;473
GB1341;ПРЯЖКА СО СТРАЗАМИ ДЛЯ ЖЕНСКОГО РЕМНЯ «MICRON»;71;67;Пряжка;170
GB1411;ПРЯЖКА СО СТРАЗАМИ «MICRON»;30;22;Пряжка;80
GB1258;ПРЯЖКА «MICRON» СК;75;75;Пряжка;168
GP1129;ПРЯЖКА СО СТРАЗАМИ «MICRON»;22;16;Пряжка;65
GB1412;ПРЯЖКА СО СТРАЗАМИ «MICRON»;30;45;Пряжка;79
GB1277;ПРЯЖКА «MICRON»;32;34;Пряжка;81
GB1302;ПРЯЖКА СО СТРАЗАМИ «MICRON»;25;30;Пряжка;155
GB1285;ПРЯЖКА ДЛЯ МУЖСКОГО РЕМНЯ «MICRON»;50;40;Пряжка;418
MP027;ПРЯЖКА «MICRON»;91;91;Пряжка;114
GB1121;ПРЯЖКА СО СТРАЗАМИ ДЕКОРАТИВНАЯ «MICRON»;12;16;Пряжка;17
GB1290;ПРЯЖКА ДЛЯ МУЖСКОГО РЕМНЯ «MICRON»;65;37;Пряжка;215
GB1135;ПРЯЖКА СО СТРАЗАМИ «СЕРДЦЕ» «MICRON»;40;20;Пряжка;181
GB1545;ПРЯЖКА «MICRON»;44;32;Пряжка;142
GB1395;ПРЯЖКА СО СТРАЗАМИ «MICRON»;44;44;Пряжка;112
GB1492;ПРЯЖКА «MICRON»;62;42;Пряжка;119
GB1171;ПРЯЖКА СО СТРАЗАМИ «MICRON»;30;30;Пряжка;133
GB1488;ПРЯЖКА «MICRON»;55;67;Пряжка;247
GB1155;ПРЯЖКА СО СТРАЗАМИ «MICRON»;50;50;Пряжка;230
GB1343;ПРЯЖКА ДЛЯ ЖЕНСКОГО РЕМНЯ «MICRON»;66;50;Пряжка;123
GB1282;ПРЯЖКА ПОДКОВА «MICRON»;35;50;Пряжка;60
GB1283;ПРЯЖКА «MICRON»;30;40;Пряжка;188
MP018;ПРЯЖКА «MICRON»;80;80;Пряжка;58
GB1204;ПРЯЖКА СО СТРАЗАМИ «MICRON»;45;61;Пряжка;409
GB1598;ПРЯЖКА «MICRON»;25;25;Пряжка;85
GB1482;ПРЯЖКА «MICRON»;42;33;Пряжка;67
GB1491;ПРЯЖКА «MICRON»;77;61;Пряжка;293
GB1156;ПРЯЖКА СО СТРАЗАМИ «MICRON»;35;35;Пряжка;280
GB1591;ПРЯЖКА СО СТРАЗАМИ «MICRON»;32;32;Пряжка;191
GB1495;ПРЯЖКА СО СТРАЗАМИ «MICRON»;47;44;Пряжка;207
GB1191;ПРЯЖКА СО СТРАЗАМИ «MICRON»;20;35;Пряжка;89
MP038;ШЛЕВКА «MICRON» СК;50;50;Шлевка;51
GB1420;ПРЯЖКА СО СТРАЗАМИ ДЛЯ ЖЕНСКОГО РЕМНЯ «MICRON»;85;58;Пряжка;232
GB1490;ПРЯЖКА «MICRON»;58;73;Пряжка;86
GB1291;ПРЯЖКА ДЛЯ МУЖСКОГО РЕМНЯ «MICRON»;60;37;Пряжка;541
GB1396;ПРЯЖКА СО СТРАЗАМИ «MICRON»;30;30;Пряжка;71
GB1445;ПРЯЖКА ДЛЯ МУЖСКОГО РЕМНЯ «MICRON»;59;35;Пряжка;396
GB1409;ПРЯЖКА «MICRON»;40;30;Пряжка;66
GB1408;ПРЯЖКА «MICRON»;33;44;Пряжка ;113
GB1340;ПРЯЖКА ДЛЯ ЖЕНСКОГО РЕМНЯ «MICRON»;86;68;Пряжка;555
GB1342;ПРЯЖКА ДЛЯ ЖЕНСКОГО РЕМНЯ «MICRON»;92;55;Пряжка;166
51300;ПРЯЖКА СО СТРАЗАМИ «СВАРОВСКИ»;13;13;Пряжка;109
MP032;ШЛЕВКА «MICRON» СК;71;71;Шлевка;205
GB1193;ПРЯЖКА СО СТРАЗАМИ «MICRON»;35;50;Пряжка;166
GB1539;ПРЯЖКА ДЛЯ РЕМНЯ «MICRON»;105;72;Пряжка;1099
GB1414;ПРЯЖКА СО СТРАЗАМИ «MICRON»;46;23;Пряжка;294
GB1540;ПРЯЖКА ДЛЯ РЕМНЯ «MICRON»;110;68;Пряжка;1221
GB1231;ПРЯЖКА «MICRON»;74;44;Пряжка;120
GB1538;ПРЯЖКА СО СТРАЗАМИ ДЛЯ РЕМНЯ «MICRON»;85;45;Пряжка;1253
GB1586;ПРЯЖКА СО СТРАЗАМИ «MICRON»;29;29;Пряжка;206
51307;ПРЯЖКА СО СТРАЗАМИ «СВАРОВСКИ»;19;10;Пряжка;123
GB1500;ПРЯЖКА СО СТРАЗАМИ «MICRON»;49;37;Пряжка;422
GB1499;ПРЯЖКА СО СТРАЗАМИ «MICRON»;52;52;Пряжка;121
GB1418;ПРЯЖКА СО СТРАЗАМИ ДЛЯ ЖЕНСКОГО РЕМНЯ «MICRON»;93;55;Пряжка;502
GB1597;ПРЯЖКА «MICRON»;38;38;Пряжка;343
GB1203;ПРЯЖКА СО СТРАЗАМИ КВАДРАТ «MICRON»;34;34;Пряжка;316
GB1186;ПРЯЖКА СО СТРАЗАМИ ОВАЛ «MICRON»;45;35;Пряжка;223
GB1584;ПРЯЖКА СО СТРАЗАМИ «СВАРОВСКИ»;40;28;Пряжка;218
51309;ПРЯЖКА СО СТРАЗАМИ «СВАРОВСКИ»;43;23;Пряжка;701
GB1404;ПРЯЖКА СО СТРАЗАМИ «MICRON»;35;42;Пряжка;79
GB1501;ПРЯЖКА СО СТРАЗАМИ «MICRON»;50;36;Пряжка;196
GB1507;ПРЯЖКА СО СТРАЗАМИ «MICRON»;41;43;Пряжка;243
GB1136;ПРЯЖКА СО СТРАЗАМИ «MICRON»;37;28;Пряжка;223
GB1537;ПРЯЖКА СО СТРАЗАМИ ДЛЯ РЕМНЯ «MICRON»;90;70;Пряжка;953
GB1124;ПРЯЖКА СО СТРАЗАМИ ДЕКОРАТИВНАЯ «MICRON»;55;14;Пряжка;72
GB1223;ПРЯЖКА СО СТРАЗАМИ «MICRON»;33;25;Пряжка;327
GB1215;ПРЯЖКА «MICRON»;37;25;Пряжка;158
51306;ПРЯЖКА СО СТРАЗАМИ «СВАРОВСКИ»;35;25;Пряжка;272
GB1202;ПРЯЖКА СО СТРАЗАМИ КВАДРАТ «MICRON»;40;40;Пряжка;166
GB1201;ПРЯЖКА СО СТРАЗАМИ КВАДРАТ «MICRON»;45;45;Пряжка;192
51301;ПРЯЖКА СО СТРАЗАМИ «СВАРОВСКИ»;16;16;Пряжка;401
GB1552;ПРЯЖКА «MICRON»;35;35;Пряжка;131
GB1590;ПРЯЖКА СО СТРАЗАМИ «MICRON»;47;47;Пряжка;313
MP005;ПРЯЖКА «MICRON»;36;25;Пряжка;74
GB1293;ПРЯЖКА ДЛЯ МУЖСКОГО РЕМНЯ «MICRON»;35;55;Пряжка;132
MP008;ПРЯЖКА «MICRON»;30;30;Пряжка;79
GB1288;ПРЯЖКА ДЛЯ МУЖСКОГО РЕМНЯ «MICRON»;80;42;Пряжка;534
MP003;ПРЯЖКА «MICRON»;18;18;Пряжка;51
GB1535;ПРЯЖКА ДЛЯ РЕМНЯ «MICRON»;141;99;Пряжка;540
51305;ПРЯЖКА СО СТРАЗАМИ «СВАРОВСКИ»;26;18;Пряжка;349
ЦВ1;ЦЕПОЧКА-ВЕШАЛКА УСИЛЕННАЯ;80;11;Фурнитура для одежды;64
PK-03;ФУРНИТУРА ПЛАСТИК «MICRON»;160;63;Фурнитура для одежды;22
TF-05_(2);Gamma;20;150;Вешалка;75
TF-02_(2);Крючки шубные;45;70;Крючок;119
КВ-09;Кисти;40;90;Кисть;64
T301P;Лента шторная;30;100;Лента;0.31
T652G;"Лента шторная ""Sofi""";65;68;Лента;0.52
T321G;"Лента шторная ""Sofi"" 32 мм";32;100;Лента;0.3
W251N;"Лента шторная ""Sofi"" 25 мм";25;100;Лента;0.29
W252G;"Лента шторная ""Sofi"" 25 мм";25;100;лента;0.18
3733M;Лента шторная 18 мм ;18;100;Лента;0.62
W431G;"Лента шторная ""Sofi"" 43 мм";43;100;лента;0.25
GB 1305;"GB 1305 Крючок-фиксатор ""Micron""";21;15;Крючок;48
FER-10;Zlatka;165;75;Застежка;373
 FER-09;Zlatka FER-09 Застежка для сумки;205;75;застежка;389
FER-08 ;Zlatka FER-08 Застежка для сумки;220;75;Застежка;441
FER-03;Zlatka FER-03 Застежка для сумки ;210;75;Застежка;495
FER-04;"""Zlatka"" FER-04 Застежка для сумки ";190;75;Застежка;415
OI-15;Фурнитура сумочная металл ;15;7;рамка;5
FER-06;"""Zlatka"" FER-06 Застежка для сумки ";155;65;Застежка;525
 FER-05;"""Zlatka"" FER-05 Застежка для сумки ";205;70;Застежка;565
KI-20;Фурнитура сумочная металл ;20;7;рамка;6
OI-20;Фурнитура сумочная металл ;20;8;рамка;6
KI-30;Фурнитура сумочная металл;30;9;рамка;8
HA-15;Zlatka HA-15 Ручки для сумок ;205;185; Ручки;262
OI-25;Фурнитура сумочная металл ;25;7;рамка;7
HR-04;Zlatka HR-04 Ручки для сумок ;70;70;Ручки;231
GB 1178;"Фурнитура со стразами ""Micron"" ";20;18;полукольцо;41
ST-30;Фурнитура сумочная металл ;30;15;шлевка;15
HA-02;Zlatka HA-02 Ручки для сумок ;140;130;Ручки;136
OI-40;Фурнитура сумочная металл OI-40;40;7;рамка;11
KC-25;Фурнитура сумочная металл KC-25 ;25;15;рамка;8
ST-25;Фурнитура сумочная металл ST-25 ;25;15;шлевка;14
KC-30;Фурнитура сумочная металл KC-30;30;15;рамка;8
OI-30;Фурнитура сумочная металл OI-30;30;7;рамка;8
KI-40;Фурнитура сумочная металл KI-40;40;7;рамка;11
GB 1176;"Фурнитура со стразами ""Micron"" ";31;28;полукольцо;44
KI-25;Фурнитура сумочная металл KI-25;25;7;рамка;7
GB 1179;"Фурнитура со стразами ""Micron"" GB 1179";15;13;полукольцо;70
 GB 1177;"Фурнитура со стразами ""Micron"" GB 1177";25;23;полукольцо;70
ST-40;Фурнитура сумочная металл ;40;15;шлевка;20
GB 1166;Фурнитура сумочная металл;33;26;шлевка;127
HA-03;Zlatka HA-03 Ручки для сумок ;147;115;Ручки;190
HW-01;Zlatka HW-01 Ручки для сумок ;205;120;Ручки;147
GB 1279;Фурнитура сумочная металл;24;24;шлевка;115
GB 1180;Фурнитура сумочная металл;55;18;рамка;91
KC-40;Фурнитура сумочная металл KC-40 ;40;15;рамка;11
HA-13;"""Zlatka"" HA-13 Ручки для сумок ";155;15;ручки;244
GB 1187;Фурнитура сумочная металл ;32;53;шлевка;228
 GB 1275;Фурнитура сумочная металл GB 1275;30;25;шлевка;168
GB 1111;Фурнитура сумочная металл;49;65;шлевка;117
HA-08;"""Zlatka"" HA-08 Ручки для сумок ";125;180;Ручки;267
 HA-11;"""Zlatka"" HA-11 Ручки для сумок ";132;203;Ручки;215
OI-25;Фурнитура сумочная металл ;25;7;рамка;7
HKR-01;"""Zlatka"" HKR-01 Крепление для ручек";27;31;крепление;77
HKR-02;"""Zlatka"" HKR-02 Крепление для ручек ";20;20;крепление;50
HA-07 ;Zlatka HA-07 Ручки для сумок ;135;170;Ручки;303
A 1151;"Зажимы ""Micron"" A 1151";18;10;зажим;100
ШКШ-111-25-16595.025;Шнур отделочный;5;25;Нашивка;75
ПУБР-433-10-15835;Пуговица ;10;10;Пуговица круглая;0.85
ПУБР-428-16-15830;Пуговица ;14;14;Пуговица круглая;3.2
ПУ-536-1-15829;Пуговица ;2;2;Пуговица круглая;9.15
ПУ-542-1-15848;Пуговица ;3;3;Пуговица круглая;7.25
АДЕ-576-1-12569;Термо аппликация;4;6;Нашивка;12
ЛЖ-103-4-166064;Лента жаккард;3;50;Нашивка;23.2
ПУБР-426-6-15842;Пуговица ;1;1;Пуговица круглая;0.9
ПУМ-371-1-15852;Пуговица под металл;43678;43678;Пуговица круглая;5.95
ПУ-478-1-13646;Пуговица ;43678;43678;Пуговица круглая;8.15
ПУМ-379-2-15860;Пуговица под металл;8;8;Пуговица круглая;4.15
ПУ-541-1-15846;Пуговица ;43678;43678;Пуговица круглая;4.5
ПУ-540-2-15847;Пуговица ;2;2;Пуговица круглая;5.95
ПУ-527-3-15718;Пуговица ;43526;43526;Пуговица круглая;5.3
ПУБР-431-16-15832;Пуговица ;43466;43466;Пуговица круглая;1.65
ПУБР-415-4-13643;Пуговица ;43586;43586;Пуговица круглая;5.6
ММТ-64-20-14474;Молния трактор;5;85;Молния;29
ПУБР-434-1-15845;Пуговица ;43586;43586;Пуговица круглая;3.6
ПУ-544-1-10256;Пуговица ;43678;43678;Пуговица круглая;3.45
ПУ-543-2-15849;Пуговица ;43679;43679;Пуговица круглая;10.55
ПУБР-435-3-10693;Пуговица ;43497;43497;Пуговица круглая;2.75
ПУБР-430-2-15827;Пуговица ;43466;43466;Пуговица круглая;3.2
ПУМ-380-1-15861;Пуговица под металл;43466;43466;Пуговица круглая;4.35
ПУДД-62-1-15074;Пуговица ;1;1;Пуговица круглая;7.3
ПУВО-144-3-14349;Пуговица ;43679;43679;Пуговица круглая;16.3
ПУБР-406-4-13649;Пуговица ;43556;43556;Пуговица круглая;3.6
ПСЗ-25-6-10796;Пуговица ;43678;43678;Пуговица круглая;1.15
ПСЗ-29-23-11328;Пуговица ;1;1;Пуговица круглая;0.45
АСМ-43-3-10027;Термо аппликация;43591;43592;Нашивка;32
АДЕ-610-9-15756;Термо аппликация;7;4;Нашивка;20
РПО-69-2-14312;Пуговица ;43647;43647;Пуговица круглая;1.5
ПУ-54-2-4610;Пуговица ;43466;43466;Пуговица круглая;0.5
ММС-61-11-14465;Молния спираль;5;50;Молния;16
КП-71-6-94714;Кружево плетеное;43497;43659;Нашивка;46
АНО-27-1-6154;Аппликация детская;7;4;Нашивка;17
ПУБР-402-11-4166;Пуговица ;43466;43466;Пуговица круглая;0.55
КП-144-13-13717.013;Кружево плетеное;4;43620;Нашивка;149
ММС-62-20-14466;Молния спираль;5;60;Молния;18
ПУМ-207-4-10205;Пуговица ;43526;43526;Пуговица круглая;9.65
ПУБР-305-10-12626;Пуговица ;43466;43466;Пуговица круглая;5
ЛЕО-3-10-13257.010;Лента атласная;43497;43730;Нашивка;32
ЛЕО-1-25-13259.025;Лента атласная;5;43730;Нашивка;129
ПУДД-68-1-15075;Пуговица ;43497;43497;Пуговица круглая;11
ММТ-63-12-14473;Молния трактор;5;80;Молния;27
ПУБР-427-1-15833;Пуговица ;43586;43586;Пуговица круглая;2.65
КП-19-21-18587;Кружево плетеное;43587;43659;Нашивка;24
ПУБР-355-3-13429;Пуговица ;43466;43466;Пуговица круглая;0.91
ПСЗ-24-4-10797;Пуговица ;2;2;Пуговица круглая;1.61
ПУ-482-10-13650;Пуговица ;2;2;Пуговица круглая;7.1
АДЕ-609-9-15752;Термо аппликация;4;43587;Нашивка;13
ПУВО-141-7-14358;Пуговица ;43679;43679;Пуговица круглая;9.7
АД-73-19-5739;Термо аппликация;6;43592;Нашивка;32
ЛЕО-2-11-13258.011;Лента атласная;43587;43730;Нашивка;66
ПУБР-393-10-13677;Пуговица ;43466;43466;Пуговица круглая;5
ММТ-60-4-14470;Молния трактор;5;50;Молния;19
ПУБР-411-4-12075;Пуговица ;43466;43466;Пуговица круглая;5.05
КК-2-17-2398;Кружево капрон;43589;43474;Нашивка;14
ПУМ-125-2-11605;Пуговица ;43586;43586;Пуговица круглая;4.65
ПУ-543-1-10257;Пуговица ;43678;43678;Пуговица круглая;4.15
ПУДТ-43-1-12248;Пуговица ;43466;43466;Пуговица круглая;1.95
ПУМ-264-4-13454;Пуговица ;43466;43466;Пуговица круглая;4.9
АДЕ-628-1-15757;Термо аппликация;5;5;Нашивка;18
ПУМ-335-1-14422;Пуговица под металл;43467;43467;Пуговица круглая;9.7
ПУ-181-5-11581;Пуговица ;43586;43586;Пуговица круглая;2.55
ПСЗ-28-9-10794;Пуговица ;43466;43466;Пуговица круглая;0.5
ПУ-513-1-14347;Пуговица ;43647;43647;Пуговица круглая;6.1
АСМ-130-1-10960;Аплликация;3;5;Нашивка;28
ММТ-62-13-14472;Молния трактор;5;70;Молния;24
ПУ-506-6-14339;Пуговица ;2;2;Пуговица круглая;7.7
АДЕ-626-1-15757;Термо аппликация;5;5;Нашивка;18
ПУДТ-78-3-13660;Пуговица ;43586;43586;Пуговица круглая;4
ПУВО-140-1-14359;Пуговица ;43558;43558;Пуговица круглая;16.8
ПУБР-354-4-13430;Пуговица ;43586;43586;Пуговица круглая;1.82
ЛЖ-12-8-9667;Лента жаккард;43586;20;Нашивка;21
КК-86-21-11905.016;Кружево капрон;43590;43659;Нашивка;56
ПУДТ-42-4-11863;Пуговица ;43678;43678;Пуговица круглая;5
АД-262-4-15750;Термо аппликация;43650;43650;Нашивка;25
ПУМ-194-2-12226;Пуговица ;43678;43678;Пуговица круглая;5.5
АСМ-169-1-6153;Термо аппликация;43589;43594;Нашивка;33
ТО-95-7-9462;Тесьма отделочная;1;43601;Нашивка;16
АДЕ-629-9-15757;Термо аппликация;5;5;Нашивка;18
АСМ-204-3-6153;Тесьма отделочная;43592;9;Нашивка;33
АСМ-164-3-6153;Термо аппликация;43591;7;Нашивка;33
ПУМ-365-4-15868;Пуговица под металл;43678;43678;Пуговица круглая;5.95
ПУБР-353-2-13416;Пуговица ;43586;43586;Пуговица круглая;2.3
ПУБР-425-2-15843;Пуговица ;43586;43586;Пуговица круглая;1.75
КБ-12-11-3650;бейка стрейч;43586;32.9;Нашивка;12
ПУМ-211-3-10201;Пуговица ;2;2;Пуговица круглая;8.65
ТО-253-1-2253;Тесьма отделочная;2;43474;Нашивка;66
КП-116-10-121386;Кружево плетеное;43647;43659;Нашивка;30
ТО-29-1-36801;Тесьма вьюнчик;6;43582;Нашивка;7
КП-87-23-10472.018;Кружево плетеное;43647;43659;Нашивка;47
ПУ-469-24-4595;Пуговица ;43678;43678;Пуговица круглая;1.4
ППК-51-3-6570;Пуговица ;1;1;Пуговица круглая;2.1
АСМ-203-3-6153;Термо аппликация;43590;43592;Нашивка;33
ПСЗ-3-3-4161;Пуговица ;43497;43497;Пуговица круглая;0.55
АСМ-170-1-6153;Термо аппликация;4;8;Нашивка;33
ПУБР-404-4-13680;Пуговица ;43466;43466;Пуговица круглая;0.87
АСМ-159-1-6153;Термо аппликация;6;8;Нашивка;33
ПУБР-419-1-15719;Пуговица ;1;1;Пуговица круглая;2
ПУВО-56-1-11586;Пуговица ;43679;43679;Пуговица круглая;12.2
ПУБР-417-1-15722;Пуговица ;43497;43497;Пуговица круглая;3.2
ТЭ-16-5-6860;Тесьма декоративная;5;43531;Нашивка;76
ПУ-534-6-15844;Пуговица ;2;2;Пуговица круглая;3.5
ПУ-30-4-6101;Пуговица ;43586;43586;Пуговица круглая;2.8
ПУ-81-14-10807;Пуговица ;43466;43466;Пуговица круглая;2.3
АД-84-2-2574;Термо аппликация;6;43591;Нашивка;28
ПУ-365-7-12407;Пуговица ;43586;43586;Пуговица круглая;7.65
ПУ-490-10-14361;Пуговица ;2;2;Пуговица круглая;4.6
ПУМ-323-5-14418;Пуговица ;43467;43467;Пуговица круглая;9.7
ПУ-174-1-4162;Пуговица ;43586;43586;Пуговица круглая;0.75
ППК-14-2-12520;Пуговица ;2;2;Пуговица круглая;47
ПУБР-339-1-10780;Пуговица ;43466;43466;Пуговица круглая;0.97
ЛА-15-26-2598;Лента атлас;6;32.9;Нашивка;1
КП-87-1-96311;Кружево плетеное;7;43659;Нашивка;136
АДЕ-590-15101;Термо аппликация;5;7;Нашивка;19.5
КП-173-1-140981;Кружево плетеное;5;43659;Нашивка;119
АСМ-167-1-6153;Термо аппликация;4;10;Нашивка;33
ММС-64-1-14468;Молния спираль;5;80;Молния;25
АСМ-208-3-6153;Термо аппликация;43502;7;Нашивка;33
ПУМ-218-2-9234;Пуговица ;43586;43586;Пуговица круглая;5.6
ЛА-1-34-3527;Лента атлас;43587;32.9;Нашивка;3
ПУ-343-9-12331;Пуговица ;43678;43678;Пуговица круглая;4.8
ПУБР-286-11-12391;Пуговица ;1;1;Пуговица круглая;2.6
АСМ-155-5-6153;Термо аппликация;4;43593;Нашивка;33
АСМ-157-3-6153;Термо аппликация;43590;7;Нашивка;33
ПУ-387-1-12993;Пуговица ;43526;43526;Пуговица круглая;17.4
ТД-45-5-14653;Тесьма жаккард;2;43595;Нашивка;28
ПУБР-129-10867;Пуговица ;1;1;Пуговица круглая;3.1
АДЕ-612-1-15772;Термо аппликация;43593;12;Нашивка;27
ШКС-2-38-4311.024;Сутаж атласный;3;32.9;Нашивка;6
ТО-248-1-15539;Тесьма отделочная;43466;20;Нашивка;17
АД-6-4-3618;Термо аппликация;8;10;Нашивка;32
ПУ-94-6-10805;Пуговица ;43586;43586;Пуговица круглая;1.7
ПУБР-198-2-8321;Пуговица ;1;1;Пуговица круглая;1.85
КК-85-3-119087;Кружево капрон;6;43542;Нашивка;47
АСМ-131-2-10960;Аплликация;3;5;Нашивка;28
ALP-061;"Лента атласная ""Gamma"" с рисунком";6;3;Лента;87
ALP-122;"Лента атласная ""Gamma"" с рисунком";12;3;Лента;115
ALP-123;"Лента атласная ""Gamma"" с рисунком";12;3;Лента;132
ALD-10;"Лента атласная ""Gamma"" с рисунком";10;3;Лента;151
ALP-125;"Лента атласная ""Gamma"" с рисунком";12;3;Лента;173
ALP-102;"Лента атласная ""Gamma"" с рисунком";10;3;Лента;101
CLP-162;"Лента атласная ""Gamma"" с рисунком";16;3;Лента;104
GBL-15;"Тесьма декоративная ""Gamma"" ""Булет""";13;3;Лента;167
ALP-062;"Лента атласная ""Gamma"" с рисунком";6;3;Лента;98
ALP-124;"Лента атласная ""Gamma"" с рисунком";12;3;Лента;151
ALP-063;"Лента атласная ""Gamma"" с рисунком";6;3;Лента;110
JZ-5;"Тесьма отделочная ""Gamma"" ""ЗИГ-ЗАГ""";5;3;Лента;142
HVK-07;"Тесьма декоративная ""Gamma"" кружевная";20;3;Лента;242
HVK-04;"Тесьма декоративная ""Gamma"" кружевная";14;3;Лента;221
HVK-06;"Тесьма декоративная ""Gamma"" кружевная";14;3;Лента;221
HVK-01;"Тесьма декоративная ""Gamma"" кружевная";12;3;Лента;183
HVK-19;"Тесьма декоративная ""Gamma"" кружевная";18;3;Лента;238
HVK-02;"Тесьма декоративная ""Gamma"" кружевная";12;3;Лента;195
HVK-03;"Тесьма декоративная ""Gamma"" кружевная";12;3;Лента;183
HVK-05;"Тесьма декоративная ""Gamma"" кружевная";13;3;Лента;221
GRC-121;"Тесьма декоративная ""Gamma"" с рисунком";12;3;Лента;129
JFL-01;"""Annet"" лента из фетра";12;3;Лента;213
HVK-10;"Тесьма декоративная ""Gamma"" кружевная";27;3;Лента;284
WD-34;"Тесьма декоративная ""Gamma""";7;3;Лента;130
WD-45;"Тесьма декоративная ""Gamma""";16;3;Лента;273
HVK-13;"Тесьма декоративная ""Gamma"" кружевная";8;3;Лента;200
HVK-08;"Тесьма декоративная ""Gamma"" кружевная";25;3;Лента;284
WD-48;"Тесьма декоративная ""Gamma""";15;3;Лента;190
ALP-103;"Лента атласная с рисунком ""Gamma""";10;3;Лента;115
WD-46;"Тесьма декоративная ""Gamma""";15;3;Лента;190
HVK-18;"Тесьма декоративная ""Gamma"" кружевная";16;3;Лента;235
HVK-16;"Тесьма декоративная ""Gamma"" кружевная";14;3;Лента;221
WD-32;"Тесьма декоративная ""Gamma""";15;3;Лента;160
HVK-15;"Тесьма декоративная ""Gamma"" кружевная";13;3;Лента;221
GRC-124;"Тесьма декоративная ""Gamma"" с рисунком";12;3;Лента;156
HVK-25;"Тесьма декоративная ""Gamma"" кружевная";20;3;Лента;242
ALP-064;"Лента атласная ""Gamma"" с рисунком";6;3;Лента;121
WD-47;"Тесьма декоративная ""Gamma""";15;3;Лента;190
HVK-21;"Тесьма декоративная ""Gamma"" кружевная";6;3;Лента;181
HVK-12;"Тесьма декоративная ""Gamma"" кружевная";8;3;Лента;200
HVK-22;"Тесьма декоративная ""Gamma"" кружевная";7;3;Лента;200
WD-60;"Тесьма декоративная ""Gamma""";15;3;Лента;179
WD-30;"Тесьма декоративная ""Gamma""";16;3;Лента;160
HVK-09;"Тесьма декоративная ""Gamma"" кружевная";29;3;Лента;327
HVK-23;"Тесьма декоративная ""Gamma"" кружевная";10;3;Лента;211
HVK-27;"Тесьма декоративная ""Gamma"" кружевная";20;3;Лента;242
HVK-30;"Тесьма декоративная ""Gamma"" кружевная";45;3;Лента;414
WD-50;"Тесьма декоративная ""Gamma""";20;3;Лента;200
HVK-20;"Тесьма декоративная ""Gamma"" кружевная";22;3;Лента;242
WD-55;"Тесьма декоративная ""Gamma""";12;3;Лента;179
JZ-5М;"Тесьма отделочная ""Gamma"" ""ЗИГ-ЗАГ""";5;3;Лента;219
WD-53;"Тесьма декоративная ""Gamma""";50;3;Лента;278
JZ-3M;"Тесьма отделочная ""Gamma"" ""ЗИГ-ЗАГ""";3;3;Лента;194
WD-49;"Тесьма декоративная ""Gamma""";20;3;Лента;200
HVK-29;"Тесьма декоративная ""Gamma"" кружевная";32;3;Лента;359
WD-42;"Тесьма декоративная ""Gamma""";23;3;Лента;207
WD-57;"Тесьма декоративная ""Gamma""";15;3;Лента;177
HVK-11;"Тесьма декоративная ""Gamma"" кружевная";7;3;Лента;200
WD-35;"Тесьма декоративная ""Gamma""";15;3;Лента;160
GRC-122;"Тесьма декоративная ""Gamma"" с рисунком";12;3;Лента;141
WD-58;"Тесьма декоративная ""Gamma""";18;3;Лента;193
CLP-201;"Тесьма декоративная ""Gamma"" с рисунком";20;3;Лента;129
WD-39;"Тесьма декоративная ""Gamma""";23;3;Лента;209
WD-54;"Тесьма декоративная ""Gamma""";8;3;Лента;169
HVK-28;"Тесьма декоративная ""Gamma"" кружевная";28;3;Лента;327
WD-37;"Тесьма декоративная ""Gamma""";25;3;Лента;207
HVK-14;"Тесьма декоративная ""Gamma"" кружевная";9;3;Лента;213
HVK-26;"Тесьма декоративная ""Gamma"" кружевная";15;3;Лента;232
WD-38;"Тесьма декоративная ""Gamma""";35;3;Лента;281
HVK-24;"Тесьма декоративная ""Gamma"" кружевная";14;3;Лента;221
WD-31;"Тесьма декоративная ""Gamma""";16;3;Лента;160
WD-51;"Тесьма декоративная ""Gamma""";25;3;Лента;207
CLP-163;"Тесьма декоративная ""Gamma"" с рисунком";16;3;Лента;149
WD-40;"Тесьма декоративная ""Gamma""";37;3;Лента;278
CLP-303;"Тесьма декоративная ""Gamma"" с рисунком";30;3;Лента;227
WD-29;"Тесьма декоративная ""Gamma""";12;3;Лента;140
WD-56;"Тесьма декоративная ""Gamma""";15;3;Лента;202
WD-59;"Тесьма декоративная ""Gamma""";16;3;Лента;179
WD-33;"Тесьма декоративная ""Gamma""";22;3;Лента;215
MRP-25;"Тесьма ""Gamma""";25;3;Лента;93
WD-63;"Тесьма декоративная ""Gamma""";40;3;Лента;148
MTR-16;"Тесьма ""Gamma"" металлизированная";10;3;Лента;167
MTR-13;"Тесьма ""Gamma"" металлизированная";33;3;Лента;198
MTR-14;"Тесьма ""Gamma"" металлизированная";16;3;Лента;248
MTR-07;"Тесьма ""Gamma"" металлизированная";27;3;Лента;345
TRJ-20;"Лента жаккардовая ""Gamma""";12;3;Лента;267.5
LRW-07;"Тесьма декоративная ""Blumentag"" декоративная";63;3;Лента;324.8
3033;"Гипюр ""GAMMA""";35;3;Лента;189.9
3285;"Гипюр ""GAMMA""";37;3;Лента;108
TRJ-01;"Лента жаккардовая ""Gamma""";22;3;Лента;101
TRJ-36;"Лента жаккардовая ""Gamma""";16;3;Лента;190.6
3069;"Гипюр ""GAMMA""";40;3;Лента;178.5
3197;"Гипюр ""GAMMA""";50;3;Лента;118.8
TRJ-43;"Лента жаккардовая ""Gamma""";11;3;Лента;87
3172;"Гипюр ""GAMMA""";35;3;Лента;115
FBL-04;"Тесьма декоративная ""BLITZ""";10;3;Лента;132
LRW-10;"Тесьма декоративная ""Blumentag"" декоративная";63;3;Лента;151
3301;"Гипюр ""GAMMA""";30;3;Лента;173
3055;"Гипюр ""GAMMA""";20;3;Лента;101
3124;"Гипюр ""GAMMA""";25;3;Лента;104
3199;"Гипюр ""GAMMA""";20;3;Лента;167
3009;"Гипюр ""GAMMA""";45;3;Лента;98
TRJ-02;"Лента жаккардовая ""Gamma""";22;3;Лента;151
3307;"Гипюр ""GAMMA""";31;3;Лента;163
3292;"Гипюр ""GAMMA""";55;3;Лента;110
3140;"Гипюр ""GAMMA""";55;3;Лента;169
3139;"Гипюр ""GAMMA""";37;3;Лента;142
LRW-24;"Тесьма декоративная ""Blumentag"" декоративная";63;3;Лента;242
LRW-29;"Тесьма декоративная ""Blumentag"" декоративная";63;3;Лента;221
3157;"Гипюр ""GAMMA""";40;3;Лента;221
3123;"Гипюр ""GAMMA""";45;3;Лента;183
3264;"Гипюр ""GAMMA""";25;3;Лента;238
3300;"Гипюр ""GAMMA""";57;3;Лента;195
3177;"Гипюр ""GAMMA""";50;3;Лента;183
6260;"Гипюр ""GAMMA""";14;3;Лента;249
3259;"Гипюр ""GAMMA""";20;3;Лента;221
127;"Шитье ""Gamma"" цветное";60;3;Кружево;129
3091;"Гипюр ""GAMMA""";20;3;Лента;213
3019;"Гипюр ""GAMMA""";40;3;Лента;284
3244;"Гипюр ""GAMMA""";25;3;Лента;130
3323;"Гипюр ""GAMMA""";65;3;Лента;361
3096;"Гипюр ""GAMMA""";30;3;Лента;273
3125;"Гипюр ""GAMMA""";25;3;Лента;200
3112;"Гипюр ""GAMMA""";28;3;Лента;284
8162;"Гипюр ""GAMMA""";16;3;Лента;190
8481;"Кружево ""Gamma"" ";85;3;Кружево;115
1235;"Кружево ""Gamma""";200;3;Кружево;190
LRW-22;"Тесьма декоративная ""Blumentag"" декоративная";63;3;Лента;235
52214;"Кружево ""Gamma""";80;3;Кружево;221
TRJ-22;"Лента жаккардовая ""Gamma""";35;3;Лента;160
TRJ-23;"Лента жаккардовая ""Gamma""";25;3;Лента;221
3210;"Гипюр ""GAMMA""";35;3;Лента;156
3090;"Гипюр ""GAMMA""";40;3;Лента;242
3202;"Гипюр ""GAMMA""";69;3;Лента;121
 3178;"Гипюр ""GAMMA""";62;3;Лента;190
14983;"Гипюр ""GAMMA""";57;3;Лента;181
3254;"Гипюр ""GAMMA""";28;3;Лента;200
3100;"Гипюр ""GAMMA""";55;3;Лента;200
3302;"Гипюр ""GAMMA""";61;3;Лента;179
GML-113;"Тесьма декоративная ""Gamma"" с пайетками";13;3;Лента;160
RG-35;"Тесьма декоративная ""Gamma"" ""Георгиевская""";35;3;Лента;327
TRJ-19;"Лента жаккардовая ""Gamma""";20;3;Лента;211
TRJ-17;"Лента жаккардовая ""Gamma""";20;3;Лента;242
TRJ-53;"Лента жаккардовая ""Gamma""";25;3;Лента;414
TRJ-32;"Лента жаккардовая ""Gamma""";16;3;Лента;200
TRJ-04;"Лента жаккардовая ""Gamma""";50;3;Лента;242
TRJ-64;"Лента жаккардовая ""Gamma""";25;3;Лента;179
TRJ-09;"Лента жаккардовая ""Gamma""";20;3;Лента;219
Aquilegia;"ента декоративная ""Floranta""";25;3;Лента;186
JL-01;"Тесьма декоративная ""BLITZ""";15;3;Лента;278
Crocus;"Лента декоративная ""Floranta""";15;3;Лента;194
3180;"Гипюр ""GAMMA""";50;3;Лента;373
3320;"Гипюр ""GAMMA""";65;3;Лента;200
52127;"Гипюр ""GAMMA""";21;3;Лента;359
3068;"Гипюр ""GAMMA""";20;3;Лента;207
3080;"Гипюр ""GAMMA""";33;3;Лента;177
3111;"Гипюр ""GAMMA""";20;3;Лента;200
3290;"Гипюр ""GAMMA""";22;3;Лента;160
3309;"Гипюр ""GAMMA""";55;3;Лента;141
Scabiosa;"Лента декоративная ""Floranta""";30;3;Лента;271
Vallota;"Лента декоративная ""Floranta""";20;3;Лента;193
Godetia;"Лента декоративная ""Floranta""";10;3;Лента;129
Cloriosa;"Лента декоративная ""Floranta""";50;3;Лента;209
Salvia;"Лента декоративная ""Floranta""";10;3;Лента;169
LRW-35;"Тесьма декоративная ""Blumentag"" декоративная";40;3;Лента;327
Lisianthus;"Лента декоративная ""Floranta""";58;3;Лента;207
Nelumbo;"Лента декоративная ""Floranta""";9;3;Лента;213
Achillea;"Лента декоративная ""Floranta""";25;3;Лента;232
Ludisia;"Лента декоративная ""Floranta""";12;3;Лента;281
TRJ-28;"Лента жаккардовая ""Gamma""";22;3;Лента;221
Viola;"Лента декоративная ""Floranta""";30;3;Лента;160
Wisteria;"Лента декоративная ""Floranta""";15;3;Лента;207
Celosia;"Лента декоративная ""Floranta""";20;3;Лента;149
Carlina;"Лента декоративная ""Floranta""";25;3;Лента;278
Syringa;"Лента декоративная ""Floranta""";15;3;Лента;227
Tigridia;"Лента декоративная ""Floranta""";40;3;Лента;140
Davallia;"Лента декоративная ""Floranta""";12;3;Лента;202
Agapanthus;"Лента декоративная ""Floranta""";50;3;Лента;179
Vriesia;"Лента декоративная ""Floranta""";25;3;Лента;215
Clivia;"Лента декоративная ""Floranta""";20;3;Лента;93
Camelia;"Лента декоративная ""Floranta""";15;3;Лента;148
Peony;"Лента декоративная ""Floranta""";15;3;Лента;167
Scilla;"Лента декоративная ""Floranta""";40;3;Лента;198
Glechoma;"Лента декоративная ""Floranta""";25;3;Лента;248
Masdevallia;"Лента декоративная ""Floranta""";30;3;Лента;345
дк00056;Бейл прозрачный;14;8;Бейлы, держатели для кулонов;4
дк00068;Бейл с площадкой;10;2;Бейлы, держатели для кулонов;43557
рк00048;Декоративный элемент под заливку Птица на ветке;42;3;Рамочки, сеттинги;39
ш00094;Заглушка для пуссет и серег Трубочки (50 пар);4;3;Швензы, пуссеты, основы для серег;20
о00069;Зажим для волос Крокодильчик;62;12;Заколки, ободки и др. для волос;8
зк00042;Зажим конвертик с прижимной пластинкой (50 шт);4;4; Кримпы, зажимы, каллоты;15
зк00030;Зажим конвертик (20 шт);12;4;Кримпы, зажимы, каллоты;7
о00121;Закладка для книги Перо;100;14;Закладки для книг;39
о00170;Закладка для книги с завитками;86;20;Закладки для книг;24
о00169;Закладка для книги с цветами;81;17;Закладки для книг;22
о00171;Закладка для книги;79;23;Закладки для книг;39
шз00024;Заклепка для одежды Сердечко;16;15;Шипы, заклепки;9
шз00020;Заклепки для одежды;9;7;Шипы, заклепки;8
шз00002;Заклепки для одежды круглые (10 шт);3;2;Шипы, заклепки;6
шз00018;Заклепки для одежды овальные;8;5;Шипы, заклепки;8
з00073;Замок карабин (10 шт);12;7;Замки, тогглы, крючки;36
з00074;Замок карабин (10 шт) ;14;8;Замки, тогглы, крючки;36
з00003;Замок карабин;12;6;Замки, тогглы, крючки;36
к00049;Кольцо разъемное (50 шт);3;0.8 ;Колечки металлические;16
к00042;Кольцо разъемное (50 шт);5;0.8 ;Колечки металлические;15
к00041;Кольцо разъемное (50 шт);8;0.8 ;Колечки металлические;14
кн00081;Коннектор круглый под заливку;25;19;Коннекторы, разделители;11
кн00065;Коннектор Очки;29;10;Коннекторы, разделители;6
кн00005;Коннектор Цветы;16;15;Коннекторы, разделители;4
зк00020;Кримпы шарики (100 шт);2;2;Кримпы, зажимы, каллоты;7
зк00046;Крышечки для кримпов;5;5;Кримпы, зажимы, каллоты;17
о00088;Мемори-проволока для браслета;55;0.6 ;Основы для браслетов, колье;9
о00184;Основа для броши;20;5;Основы для брошей;19
о00182;Основа для заколки с сеттингом;50;14;Заколки, ободки и др. для волос;29
о00181;Основа для заколки с сеттингом;67;28;Заколки, ободки и др. для волос;38
о00150;Основа для кольца безразмерная;16;6;Основы для колец;5
о00180;Основа для невидимки с сеттингом;16;62;Заколки, ободки и др. для волос;16
ш00014;Основа для серег с сеттингом;32;20;Швензы, пуссеты, основы для серег;36
ш00066;Основы для клипс с площадкой;18;10;Швензы, пуссеты, основы для серег;12
пн00089;Пины гвоздики;26;0.8 ;Пины, штифты;23
пн00086;Пины с петелькой;30;0.7 ;Пины, штифты;25
пм00387;Подвеска Dream;18;15;Подвески металлические;3
пм00376;Подвеска Бабочка;15;10;Подвески металлические;3
пм00377;Подвеска Бабочка;20;20;Подвески металлические;6
пм00367;Подвеска Бабочка;21;11;Подвески металлические;3
пм00307;Подвеска Божья коровка;13;8;Подвески металлические;3
пм00344;Подвеска Бумажный самолетик;17;19;Подвески металлические;4
пм00365;Подвеска Гитара;21;9;Подвески металлические;3
пм00379;Подвеска Гитара;26;9;Подвески металлические;3
пм00358;Подвеска Девочка в шляпке;27;11;Подвески металлические;3
пм00343;Подвеска Колечко;17;11;Подвески металлические;8
пм00333;Подвеска Корона;13;10;Подвески металлические;3
пм00391;Подвеска Кролик;20;15;Подвески металлические;4
пм00262;Подвеска Круасан;28;11;Подвески металлические;7
пм00390;Подвеска Ладошка;13;13;Подвески металлические;4
пм00389;Подвеска Листик ажурный;19;11;Подвески металлические;3
пм00392;Подвеска Листочек;19;7;Подвески металлические;3
пм00337;Подвеска Лошадка;20;15;Подвески металлические;4
пм00312;Подвеска Лошадь;21;18;Подвески металлические;6
пм00382;Подвеска Нотка;24;14;Подвески металлические;4
пм00336;Подвеска Олененок;19;8;Подвески металлические;5
пм00360;Подвеска Перо;77;27;Подвески металлические;15
пм00383;Подвеска Перышко;22;5;Подвески металлические;3
пм00375;Подвеска Письмо;18;12;Подвески металлические;3
пм00351;Подвеска Птичка;25;12;Подвески металлические;4
пм00395;Подвеска Ракушка;21;11;Подвески металлические;7
пм00331;Подвеска Рождественские леденцы;19;17;Подвески металлические;9
пм00141;Подвеска Рождественский леденец;27;9;Подвески металлические;4
пм00368;Подвеска Слоники;18;17;Подвески металлические;3
пм00380;Подвеска Солнышко на облачке;21;16;Подвески металлические;3
пм00364;Подвеска Тыква;18;16;Подвески металлические;5
пм00356;Подвеска Фея;25;14;Подвески металлические;4
пм00326;Подвеска Черепашка;15;13;Подвески металлические;6
пм00345;Подвеска Черепашка;17;19;Подвески металлические;4
пм00329;Подвеска Щенок;16;15;Подвески металлические;4
пм00334;Подвеска Эйфелева башня;13;5;Подвески металлические;3
пм00144;Подвеска Эйфелева башня;24;8;Подвески металлические;7
пм00350;Подвеска Яхта;23;17;Подвески металлические;3
ш00075;Пуссеты под заливку;14;14;Швензы, пуссеты, основы для серег;32
ш00092;Пуссеты с круглой площадкой;12;6;Швензы, пуссеты, основы для серег;4
рк00095;Рамка для эпоксидной смолы Бабочка ;31;35;Рамочки, сеттинги;17
рк00098;Рамка для эпоксидной смолы Капля;21;34;Рамочки, сеттинги;17
рк00092;Рамка для эпоксидной смолы Кошка;20;36;Рамочки, сеттинги;19
рк00097;Рамка для эпоксидной смолы Овал;24;39;Рамочки, сеттинги;17
рк00093;Рамка для эпоксидной смолы Прямоугольник;21;34;Рамочки, сеттинги;17
рк00096;Рамка для эпоксидной смолы Ромб;25;40;Рамочки, сеттинги;17
рк00094;Рамка для эпоксидной смолы Сердце;31;34;Рамочки, сеттинги;17
рк00086;Рамочка для кабошона;16;60;Рамочки, сеттинги;48
рк00088;Рамочка для кабошона;20;36;Рамочки, сеттинги;20
рк00054;Рамочка для кабошона;20;23;Рамочки, сеттинги;14
рк00082;Рамочка для кабошона;23;27;Рамочки, сеттинги;15
рк00087;Рамочка для кабошона;25;29;Рамочки, сеттинги;14
рк00066;Рамочка для кабошона;26;23;Рамочки, сеттинги;16
рк00084;Рамочка для кабошона;27;30;Рамочки, сеттинги;15
рк00076;Рамочка для кабошона;36.5 ;21;Рамочки, сеттинги;18
рк00063;Рамочка для кабошона;39;29;Рамочки, сеттинги;15
рк00041;Рамочка для кабошона;49;31;Рамочки, сеттинги;42
рк00065;Рамочка для кабошона;49;33;Рамочки, сеттинги;42
рк00011;Рамочка для кабошона;44;39;Рамочки, сеттинги;32
зк00021;Скобы для защиты нити (10 шт);5;4;Кримпы, зажимы, каллоты;6
з00022;Тоггл витой;16;13;Замки, тогглы, крючки;7
з00059;Тоггл витой;14;12;Замки, тогглы, крючки;4
з00060;Тоггл витой;14;20;Замки, тогглы, крючки;5
з00053;Тоггл витой;19;15;Замки, тогглы, крючки;7
з00063;Тоггл витой;10;12;Замки, тогглы, крючки;5
з00030;Тоггл с завитками;20;12;Замки, тогглы, крючки;7
з00040;Тоггл сердечко (017);21;12;Замки, тогглы, крючки;7
з00070;Тоггл Цветочек;20;16;Замки, тогглы, крючки;4
шб00069;Шапочка для бус;10;8;Шапочки для бусин, концевики;12
шб00023;Шапочка для бус;13;4;Шапочки для бусин, концевики;7
ш00083;Швензы с шариком;18;17;Швензы, пуссеты, основы для серег;18
КП-71-6-94714;Кружево плетеное;43497;43659;кружево;46
КП-144-13-13717.013;Кружево плетеное;4;43620;кружево;149
КП-19-21-18587;Кружево плетеное;43587;43659;кружево;24
КП-172-2-140972;Кружево плетеное;4;43659;кружево;119
КП-49-10-58102;Кружево плетеное;43587;43659;кружево;32
КК-2-17-2398;Кружево капрон;43589;43474;кружево;14
СЕТ-19-30-8833;Кружево декоративное;43588;43659;кружево;28
КК-86-21-11905.016;Кружево капрон;43590;43659;кружево;56
СЕТ-16-5-8863;Кружево декоративное;2;43659;кружево;21
СЕТ-7-19-10334;Кружево декоративное;43589;43659;кружево;56
КП-116-10-121386;Кружево плетеное;43647;43659;кружево;30
КП-87-23-10472.018;Кружево плетеное;43647;43659;кружево;47
КП-87-1-96311;Кружево плетёное ;7;43659;кружево;136
КП-173-1-140981;Кружево плетеное;5;43659;кружево;119
КК-85-3-119087;Кружево капрон;6;43542;кружево;47
КП-60-17-89537;Кружево плетеное;4;43659;кружево;76
КК-118-12-137451;Кружево капрон;43589;45.7;кружево;14
СЕТ-8-4-9669;Кружево декоративное;5;43659;кружево;77
КЛ-154-1-14550;Кружево лен;43589;43659;кружево;79
КС-168-2-14649.011;Кружево стрейч;43602;43542;кружево;77
КЛ-93-11-9928;Кружево лен;43586;43659;кружево;34
КП-167-2-161302;Кружево плетеное;43590;43474;кружево;59
КК-126-3-140415;Кружево капрон;3;45.7;кружево;13
КЛ-133-1-13325;Кружево лен;43589;43659;кружево;79
КЛ-87-19-9464;Кружево лен;5;43659;кружево;77
КЛ-83-2-9621;Кружево лен;43586;43659;кружево;28
КЛ-79-17-8835;Кружево лен;3;43659;кружево;56
КК-104-16843;Кружево капрон;2;43729;кружево;11
КС-84-3-11888.011;Кружево стрейч;2;43542;кружево;33
КП-143-1-133361;Кружево плетеное;4;43659;кружево;89
КК-115-10-132651;Кружево капрон ;4;109.7;кружево;7.5
СЕТ-17-3-8861;Кружево декоративное;6;43659;кружево;79
КС-82-2-11871.013;Кружево стрейч;3;43659;кружево;33
КЛ-84-1-9622;Кружево лен;1;43659;кружево;32
КП-106-4-119104;Кружево плетеное;6;43620;кружево;119
КС-81-13-118723;Кружево стрейч;43587;43542;кружево;36
КС-74-11-96322;Кружево стрейч;6;43542;кружево;56
КК-51-8-3962.012;Кружево капрон ;4;36.6;кружево;26
КС-97-3-126044;Кружево стрейч;3;43542;кружево;33
КК-28-3-76463;Кружево капрон ;4;43542;кружево;36
КП-48-25-87392;Кружево плетеное;43588;43659;кружево;47
КС-15-15-76546;Кружево стрейч;43599;43474;кружево;99
КП-9-21-58072;Кружево плетеное;43586;43659;кружево;20
КС-172-4-145789;Кружево стрейч;7;43542;кружево;47
КК-10-1-6126;Кружево капрон ;43649;43729;кружево;19
КК-78-1-168452;Кружево капрон ;43586;43729;кружево;11
КЛ-150-3-14549;Кружево лен;43590;43659;кружево;79
КК-88-11-119034;Кружево капрон ;3;25;кружево;18
КС-134-11-96545;Кружево стрейч;43588;43542;кружево;36
КК-56-2-44931;Кружево капрон ;2;43729;кружево;11
КС-42-8-96335;Кружево стрейч;8;43542;кружево;56
КК-109-1-128482;Кружево капрон ;5;25;кружево;24
КП-169-1-161281;Кружево плетеное;7;43474;кружево;86
КК-36-1-39601;Кружево капрон ;43589;36.6;кружево;28
СЕТ-34-2-12833;Кружево на сетке;7;43620;кружево;136
КП-30-15-81921;Кружево плетеное;3;43474;кружево;87
КП-150-9-141031;Кружево плетеное;43588;43659;кружево;56
КС-167-2-6420.027;Кружево стрейч;6;43659;кружево;47
КП-83-4-88074;Кружево плетеное;4;43659;кружево;37
КП-118-2-121662;Кружево плетеное;43588;43659;кружево;56
КС-40-16-18707;Кружево стрейч;6;43659;кружево;37
КП-170-1-161291;Кружево плетеное;10;43474;кружево;86
КЛ-102-1-9991;Кружево лен;43678;43659;кружево;37
КС-23-10-64207;Кружево стрейч;6;43600;кружево;47
КЛ-95-3-10015;Кружево лен;6;43659;кружево;87
КП-109-13-119112;Кружево плетеное;43647;18;кружево;36
КП-159-2-145011;Кружево плетеное;4;43659;кружево;97
ФК-30-2-14748;Французское кружево;8;30;кружево;48
КК-13-1-168533;Кружево капрон ;43647;43729;кружево;14
КС-54-10-104256;Кружево стрейч;7;43729;кружево;47
КП-51-18-88324;Кружево плетеное;43587;43659;кружево;66
КЛ-86-4-9626;Кружево лен;43589;43659;кружево;79
КП-31-26-58095;Кружево плетеное;7;43659;кружево;79
КС-26-8-18714;Кружево стрейч;9;43659;кружево;66
КС-62-2-10637;Кружево стрейч;7;43542;кружево;56
КК-52-3-61573;Кружево капрон ;5;32.9;кружево;16
КС-223-1-12870;Кружево стрейч;43592;43542;кружево;56
КЛ-123-2-12600;Кружево лен;43592;43659;кружево;79
КС-95-12-125827;Кружево стрейч;43593;43542;кружево;66
КС-79-3-111229;Кружево стрейч;43587;43542;кружево;37
КП-165-2-157492;Кружево плетеное;7;43659;кружево;96
КЛ-146-14026;Кружево лен;43586;43659;кружево;34
КС-80-2-11437;Кружево стрейч;4;43729;кружево;31
КС-135-11-139209;Кружево стрейч;18;43542;кружево;77
КРО-42-3-10297;Кружево декоративное;15;43659;кружево;178
КП-97-2-11648;Кружево плетеное;43586;43659;кружево;30
КЛ-127-3-12773;Кружево лен;43593;43659;кружево;76
КК-55-1-168441;Кружево капрон ;43497;43729;кружево;11
КЛ-111-3-11020;Кружево лен;14;43659;кружево;106
КП-67-10-18572;Кружево плетеное;3;43659;кружево;47
КС-72-2-104708;Кружево стрейч;43592;43542;кружево;67
КК-88-9-168542;Кружево капрон ;43586;25;кружево;14
КК-117-7-137642;Кружево капрон ;6;25;кружево;34
КС-170-6-146741;Кружево стрейч;17;43542;кружево;77
КП-158-14697;Кружево плетеное;43587;43582;кружево;25.4
КЛ-89-2-9463;Кружево лен;43678;43659;кружево;34
КЛ-132-8-12817;Кружево лен;1;43582;кружево;19
ФК-38-15102;Французское кружево;15;30;кружево;77
КС-199-1-15524;Стрейч кружево;17;43542;кружево;81.3
КС-207-1-15526;Кружево стрейч;18;43542;кружево;77
КП-139-1-133331;Кружево плетеное;43592;43659;кружево;99
КС-190-14519;Кружево стрейч;19;43542;кружево;77
КК-80-16-118623;Кружево капрон ;5;43542;кружево;46
КЛ-128-1-12602;Кружево лен;11;43659;кружево;109
СЕТ-36-13980;Кружево на сетке;43596;43659;кружево;106
КС-186-1-146682;Кружево стрейч;17;43542;кружево;77
КЛ-156-1-14552;Кружево лен;43589;43659;кружево;66
КК-57-1-168461;Кружево капрон ;43497;43729;кружево;11
КЛ-140-1-13331;Кружево лен;43587;43659;кружево;56
КП-139-3-133302;Кружево плетеное;8;43659;кружево;99
КК-125-1-14017;Кружево капрон ;1;65.8;кружево;21
КЛ-98-3-10038;Кружево лен;1;43659;кружево;28
СЕТ-25-2-12165;Кружево на сетке;43594;43659;кружево;109
КС-126-13740;Кружево стрейч;17;43542;кружево;77
КС-37-6-94862;Кружево стрейч;43590;43542;кружево;46
КК-21-1-4493;Кружево капрон ;1;43729;кружево;11
КК-50-8-69097;Кружево капрон ;4;43542;кружево;36
СЕТ-9-1-9668;Кружево декоративное;5;43659;кружево;66
ФК-6-1-110141;Французское кружево;10;9;кружево;129
КЛ-119-2-12167;Кружево лен;43586;43659;кружево;34
СЕТ-30-12825;Кружево на сетке;6;43620;кружево;119
КС-126-1-137481;Кружево стрейч;15;43542;кружево;77
КК-122-2-13924;Кружево капрон ;4;131.6;кружево;24
КП-148-2-141042;Кружево плетеное;6;43659;кружево;109
КС-165-3-64202;Кружево стрейч;6;43542;кружево;47
КС-169-9-146732;Кружево стрейч;43602;43542;кружево;77
КС-60-3-106332;Кружево стрейч;43588;43582;кружево;18
КП-123-3-126182;Кружево плетеное;43589;43689;кружево;87
КП-150-1-140891;Кружево плетеное;6;43659;кружево;136
КС-30-12-90462;Кружево стрейч;9;43729;кружево;66
КК-94-3-126786;Кружево капрон ;43588;25;кружево;19
КС-221-13343;Кружево стрейч;14;43542;кружево;96
КК-84-4-119018;Кружево капрон ;43588;43542;кружево;30
КС-196-7-145112;Кружево стрейч;43586;32.9;кружево;21
КК-98-2-127221;Кружево капрон ;43587;131.6;кружево;15
КЛ-135-1-13332;Кружево лен;43587;43659;кружево;66
КП-164-1-15801;Кружево плетеное;43590;43659;кружево;109
КС-20-2-77623;Стрейч кружево;43588;43474;кружево;56
КК-97-2-12733;Кружево капрон ;43587;65.8;кружево;28
КЛ-139-1-12734;Кружево лен;43587;43659;кружево;47
КЛ-91-1-9652;Кружево лен;2;43659;кружево;56
КП-163-5909;Кружево плетеное;43587;43659;кружево;47
КЛ-130-6-12805;Кружево лен;5;43659;кружево;67
КЛ-136-1-13321;Кружево лен;10;43659;кружево;99
КК-123-2-13926;Кружево капрон ;5;65.8;кружево;34
КЛ-147-1-14092;Кружево лен;10;43474;кружево;129
КК-96-1-127012;Кружево капрон ;2;131.6;кружево;16
КС-173-2-145261;Кружево стрейч;16;43542;кружево;77
КЛ-90-2-9623;Кружево лен;2;43659;кружево;47
КЛ-155-2-14553;Кружево лен;43592;43659;кружево;79
КРО-76-1-15703;Кружево декоративное;12;43474;кружево;139
КС-125-12-137163;Кружево стрейч;43602;43542;кружево;77
ФК-43-1-15108;Французское кружево;17;30;кружево;89
КС-216-15506;Кружево стрейч;15;43542;кружево;77
КП-10-14-5806.011;Кружево плетеное;43586;43659;кружево;24
КС-29-6-90471;Кружево стрейч;5;43542;кружево;46
КЛ-82-3-9625;Кружево лен;43588;43659;кружево;56
КЛ-152-2-14551;Кружево лен;5;43659;кружево;66
ФК-37-15105;Французское кружево;7;60;кружево;46
КС-64-1-106822;Кружево стрейч;14;43729;кружево;99
КК-54-1-94511;Кружево капрон ;43586;65.8;кружево;14
КРО-12-10906;Кружево декоративное;43591;43620;кружево;447
КЛ-115-1-11436;Кружево лен;43587;43659;кружево;47
КП-135-12853;Кружево плетеное;8;43474;кружево;208
КС-166-4-64203;Кружево стрейч;6;43729;кружево;47
КП-153-2-141051;Кружево плетеное;43588;43659;кружево;56
КРО-77-2-15701;Кружево декоративное;9;43474;кружево;129
ФК-40-15107;Французское кружево;9;60;кружево;56
КК-48-3958;Кружево капрон ;43497;65.8;кружево;9
ФК-4-1-10965;Французское кружево;14;9;кружево;149
ФК-20-2-138102;Французское кружево;20;30;кружево;99
КК-99-3-12721;Кружево капрон ;2;131.6;кружево;12
КС-145-13915;Кружево стрейч;43606;43542;кружево;77
КС-155-13935;Кружево стрейч;43600;43542;кружево;77
КП-134-12852;Кружево плетеное;43591;43474;кружево;178
КП-64-7-90013;Кружево плетеное;5;43659;кружево;139
КЛ-137-1-13324;Кружево лен;43587;43659;кружево;56
КС-127-2-137472;Кружево стрейч;15;43542;кружево;77
КС-158-13907;Кружево стрейч;43587;43542;кружево;33
КС-222-1-14529;Кружево стрейч;17;43542;кружево;77
КС-173-14516;Кружево стрейч;23;43542;кружево;77
ФК-32-1-147921;Французское кружево;43601;30;кружево;119
КС-214-15507;Кружево стрейч;18;43542;кружево;77
КС-98-1-125806;Кружево стрейч;15;43542;кружево;79
КК-100-127013;Кружево капрон ;2;131.6;кружево;16
КК-124-1-13925;Кружево капрон ;4;65.8;кружево;33
КРО-69-15646;Кружево декоративное;43594;43474;кружево;139
КК-108-1-12847;Кружево капрон ;43593;25;кружево;89
КРО-41-8-10298;Кружево декоративное;15;43659;кружево;178
КП-86-26-103264;Кружево плетеное;2;43659;кружево;47
КС-73-2-61553;Кружево стрейч;15;43729;кружево;89
КК-85-11-119028;Кружево капрон ;13;43474;кружево;129
КРО-61-12594;Кружево свадебное;4;43714;кружево;228
КС-124-4-137125;Кружево стрейч;43602;43542;кружево;77
ФК-27-2-147512;Французское кружево;17;30;кружево;89
ФК-42-15104;Французское кружево;8;30;кружево;48
ФК-1-1-96361;Французское кружево;9;43592;кружево;129
КК-91-1-12575;Кружево капрон ;43588;131.6;кружево;24
КК-70-1-10332;Кружево капрон ;12;43659;кружево;76
КЛ-140-2-13328;Кружево лен;4;43690;кружево;89
64120;Пуговица джинсовая;20;20;Пуговица круглая;1.7
8341;Auchan;75;30;Нашивка;5.4
Р-3566;Гофрированный регилин;80;23;Регилин мягкий;550
РВ-8;Регилин жесткий;8;45;Регилин ;825
Са 3200-21;Стразы пришивные (акрил);8;3;Стразы;180
Са 3200-22;Стразы пришивные (акрил);8;3;Стразы;180
Са 3200-23;Стразы пришивные (акрил);8;3;Стразы;200
Са 3200-24;Стразы пришивные (акрил);8;3;Стразы;200
Са 3200-25;Стразы пришивные (акрил);8;3;Стразы;200
Са 3200-26;Стразы пришивные (акрил);8;3;Стразы;200
Са 3200-27;Стразы пришивные (акрил);8;3;Стразы;200
Са 3200-28;Стразы пришивные (акрил);8;3;Стразы;200
Са 3200-29;Стразы пришивные (акрил);8;3;Стразы;200
Са 3200-30;Стразы пришивные (акрил);8;3;Стразы;200
Са 3200-31;Стразы пришивные (акрил);8;3;Стразы;200
Са 3200-32;Стразы пришивные (акрил);8;3;Стразы;200
Са 3200-33;Стразы пришивные (акрил);8;3;Стразы;200
Са 3200-34;Стразы пришивные (акрил);8;3;Стразы;200
Са 3200-35;Стразы пришивные (акрил);8;3;Стразы;200
Са 3200-36;Стразы пришивные (акрил);8;3;Стразы;200
Са 3200-37;Стразы пришивные (акрил);8;3;Стразы;200
Са 3200-38;Стразы пришивные (акрил);8;3;Стразы;200
Са 3200-39;Стразы пришивные (акрил);8;3;Стразы;200
Са 3200-40;Стразы пришивные (акрил);8;3;Стразы;200
Са 3200-41;Стразы пришивные (акрил);8;3;Стразы;200
Са 3200-42;Стразы пришивные (акрил);8;3;Стразы;200
Са 3200-43;Стразы пришивные (акрил);8;3;Стразы;200
Са 3200-44;Стразы пришивные (акрил);8;3;Стразы;200
Са 3200-45;Стразы пришивные (акрил);8;3;Стразы;200
Са 3200-46;Стразы пришивные (акрил);8;3;Стразы;200
Са 3200-47;Стразы пришивные (акрил);8;3;Стразы;200
Са 3200-48;Стразы пришивные (акрил);8;3;Стразы;200
Са 3200-49;Стразы пришивные (акрил);8;3;Стразы;200
Са 3200-50;Стразы пришивные (акрил);8;3;Стразы;200
Са 3200-51;Стразы пришивные (акрил);8;3;Стразы;200
Са 3200-52;Стразы пришивные (акрил);8;3;Стразы;200
Са 3200-53;Стразы пришивные (акрил);8;3;Стразы;200
Са 3200-54;Стразы пришивные (акрил);8;3;Стразы;200
Са 3200-55;Стразы пришивные (акрил);8;3;Стразы;200
1073;Кружево х/б;7;1;Кружева;230
1074;Кружево х/б;7;1;Кружева;200
1075;Кружево х/б;7;1;Кружева;200
1076;Кружево х/б;7;1;Кружева;200
1077;Кружево х/б;7;1;Кружева;200
1078;Кружево х/б;7;1;Кружева;230
1079;Кружево х/б;7;1;Кружева;140
1080;Кружево х/б;7;1;Кружева;130
1081;Кружево х/б;7;1;Кружева;300
1082;Кружево х/б;7;1;Кружева;230
Пн 01;Пайетки россыпью;3;2;Пайетки;160
Пн 02;Пайетки россыпью;3;2;Пайетки;160
Пн 03;Пайетки россыпью;3;2;Пайетки;160
Пн 04;Пайетки россыпью;3;2;Пайетки;160
Пн 05;Пайетки россыпью;3;2;Пайетки;160
Пн 06;Пайетки россыпью;3;2;Пайетки;160
Пн 07;Пайетки россыпью;3;2;Пайетки;160
Пн 08;Пайетки россыпью;3;2;Пайетки;160
Пн 09;Пайетки россыпью;3;2;Пайетки;160
Пн 10;Пайетки россыпью;3;2;Пайетки;160
Пн 11;Пайетки россыпью;3;2;Пайетки;160
Пн 12;Пайетки россыпью;3;2;Пайетки;160
Пн 13;Пайетки россыпью;3;2;Пайетки;160
Пн 14;Пайетки россыпью;3;2;Пайетки;160
ПМ 06;Паетки на нитке;2;1;Пайетки;330
ПМ 07;Паетки на нитке;2;1;Пайетки;330
ПМ 08;Паетки на нитке;2;1;Пайетки;350
ПМ 09;Паетки на нитке;2;1;Пайетки;360
ПМ 10;Паетки на нитке;2;1;Пайетки;330
ПМ 11;Паетки на нитке;2;1;Пайетки;350
ПМ 12;Паетки на нитке;2;1;Пайетки;280
ПМ 13;Паетки на нитке;2;1;Пайетки;280
ПМ 14;Паетки на нитке;2;1;Пайетки;280
ПМ 15;Паетки на нитке;2;1;Пайетки;350
Пн 24;Паетки фигурные;15;3;Пайетки;100
Пн 25;Паетки фигурные;15;3;Пайетки;100
Пн 26;Паетки фигурные;15;3;Пайетки;100
Пн 27;Паетки фигурные;15;3;Пайетки;100
Пн 28;Паетки фигурные;15;3;Пайетки;150
Пн 29;Паетки фигурные;15;3;Пайетки;140
Пн 30;Паетки фигурные;15;3;Пайетки;150
Пн 31;Паетки фигурные;15;3;Пайетки;130
Пн 32;Паетки фигурные;15;3;Пайетки;100
Тп-04; Тесьма пайеточная;3; 1 ;Пайетки;50
Тп-05; Тесьма пайеточная;3; 1 ;Пайетки;70
Тп-06; Тесьма пайеточная;3; 1 ;Пайетки;70
Тп-07; Тесьма пайеточная;3; 1 ;Пайетки;90
Р-3565;Гофрированный регилин;80;23;Регилин ;550
Р-3567;Гофрированный регилин;80;23;Регилин ;550
Р-3568;Гофрированный регилин;80;23;Регилин ;660
Р-3569;Гофрированный регилин;80;23;Регилин ;550
Р-3570;Гофрированный регилин;80;23;Регилин ;430
Р-3571;Гофрированный регилин;80;23;Регилин ;550
Р-3572;Гофрированный регилин;80;23;Регилин ;660
Р-3573;Гофрированный регилин;80;23;Регилин ;550
Р-3574;Гофрированный регилин;80;23;Регилин ;550
Р-3575;Гофрированный регилин;80;23;Регилин ;660
Р-3576;Гофрированный регилин;80;23;Регилин ;550
Р-3577;Гофрированный регилин;80;23;Регилин ;550
Р-3578;Гофрированный регилин;80;23;Регилин ;660
Р-3579;Гофрированный регилин;80;23;Регилин ;550
Р-3580;Гофрированный регилин;80;23;Регилин ;550
Р-3581;Гофрированный регилин;80;23;Регилин ;340
Р-3582;Гофрированный регилин;80;23;Регилин ;550
Р-3583;Гофрированный регилин;80;23;Регилин ;660
Р-3584;Гофрированный регилин;80;23;Регилин ;550
Р-3585;Гофрированный регилин;80;23;Регилин ;550
Р-3586;Гофрированный регилин;80;23;Регилин ;660
Р-3587;Гофрированный регилин;80;23;Регилин ;550
Р-3588;Гофрированный регилин;80;23;Регилин ;550
Р-3589;Гофрированный регилин;80;23;Регилин ;550
Р-3590;Гофрированный регилин;80;23;Регилин ;550
Р-3591;Гофрированный регилин;80;23;Регилин ;530
Р-3592;Гофрированный регилин;80;23;Регилин ;550
Р-3593;Гофрированный регилин;80;23;Регилин ;490
Арт.80 К 06;Регилин  мягкий;70;23;Регилин;400
Арт.80 К 07;Регилин  мягкий;70;23;Регилин;400
Арт.80 К 08;Регилин  мягкий;70;23;Регилин;400
Арт.80 К 09;Регилин  мягкий;70;23;Регилин;400
Арт.80 К 10;Регилин  мягкий;70;23;Регилин;400
Арт.80 К 11;Регилин  мягкий;70;23;Регилин;400
Арт.80 К 12;Регилин  мягкий;70;23;Регилин;400
Арт.80 К 13;Регилин  мягкий;70;23;Регилин;400
Арт.80 К 14;Регилин  мягкий;70;23;Регилин;400
Арт.80 К 15;Регилин  мягкий;70;23;Регилин;400
Арт.80 К 16;Регилин  мягкий;70;23;Регилин;400
Арт.80 К 17;Регилин  мягкий;70;23;Регилин;400
Арт.80 К 18;Регилин  мягкий;70;23;Регилин;400
Арт.80 К 19;Регилин  мягкий;70;23;Регилин;400
Арт.80 К 20;Регилин  мягкий;70;23;Регилин;400
Арт.80 К 21;Регилин  мягкий;70;23;Регилин;400
Арт.80 К 22;Регилин  мягкий;70;23;Регилин;400
Арт.80 К 23;Регилин  мягкий;70;23;Регилин;400
Арт.80 К 24;Регилин  мягкий;70;23;Регилин;400
Арт.80 К 25;Регилин  мягкий;70;23;Регилин;400
Арт.80 К 26;Регилин  мягкий;70;23;Регилин;400
Арт.80 К 27;Регилин  мягкий;70;23;Регилин;400
Арт.80 К 28;Регилин  мягкий;70;23;Регилин;400
Арт.80 К 29;Регилин  мягкий;70;23;Регилин;400
Арт.80 К 30;Регилин  мягкий;70;23;Регилин;400
Арт.80 К 31;Регилин  мягкий;70;23;Регилин;400
Арт.80 К 32;Регилин  мягкий;70;23;Регилин;400
Арт.80 К 33;Регилин  мягкий;70;23;Регилин;400
Арт.80 К 34;Регилин  мягкий;70;23;Регилин;400
Арт.С18;Тесьма шторная;75;50;Тесьма;700
Арт.С19;Тесьма шторная;75;50;Тесьма;690
Арт.С20;Тесьма шторная;75;50;Тесьма;700
Арт.С21;Тесьма шторная;75;50;Тесьма;680
Арт.С22;Тесьма шторная;75;50;Тесьма;580
Арт.С23;Тесьма шторная;75;50;Тесьма;590
Арт.С24;Тесьма шторная;75;50;Тесьма;600
Арт.С25;Тесьма шторная;75;50;Тесьма;600
Арт.С26;Тесьма шторная;75;50;Тесьма;580
Арт.1852-5;Тесьма жакардовая;10;10;Тесьма;150
Арт.1852-6;Тесьма жакардовая;10;10;Тесьма;150
Арт.1852-7;Тесьма жакардовая;10;10;Тесьма;150
Арт.1852-8;Тесьма жакардовая;10;10;Тесьма;150
Арт.1852-9;Тесьма жакардовая;10;10;Тесьма;150
Арт.1852-10;Тесьма жакардовая;10;10;Тесьма;150
Арт.1852-11;Тесьма жакардовая;10;10;Тесьма;150
Арт.1852-12;Тесьма жакардовая;10;10;Тесьма;150
Арт.1852-13;Тесьма жакардовая;10;10;Тесьма;150
Арт.1852-14;Тесьма жакардовая;10;10;Тесьма;150
Арт.1852-15;Тесьма жакардовая;10;10;Тесьма;150
Арт.1852-16;Тесьма жакардовая;10;10;Тесьма;150
Арт.1852-17;Тесьма жакардовая;10;10;Тесьма;150
Арт. 1-0010;Тесьма эластичная;10;100;Тесьма;50
Арт. 1-0011;Тесьма эластичная;10;100;Тесьма;50
Арт. 1-0012;Тесьма эластичная;10;100;Тесьма;50
Арт. 1-0013;Тесьма эластичная;10;100;Тесьма;50
Арт. 1-0014;Тесьма эластичная;10;100;Тесьма;50
Арт. Z568;Тесьма с люрексом;6;1;Тесьма;170
Арт. Z569;Тесьма с люрексом;6;1;Тесьма;170
Арт. Z570;Тесьма с люрексом;6;1;Тесьма;170
Арт. Z571;Тесьма с люрексом;6;1;Тесьма;170
Арт. Z572;Тесьма с люрексом;6;1;Тесьма;170
Арт. Z573;Тесьма с люрексом;6;1;Тесьма;170
Арт. Z574;Тесьма с люрексом;6;1;Тесьма;170
Арт. Z575;Тесьма с люрексом;6;1;Тесьма;170
Арт. Z576;Тесьма с люрексом;6;1;Тесьма;170
Арт. Z577;Тесьма с люрексом;6;1;Тесьма;170
Арт. Z578;Тесьма с люрексом;6;1;Тесьма;170
Арт. Z579;Тесьма с люрексом;6;1;Тесьма;170
Арт. Z580;Тесьма с люрексом;6;1;Тесьма;170
Арт. Z581;Тесьма с люрексом;6;1;Тесьма;170
Арт. Z582;Тесьма с люрексом;6;1;Тесьма;170
Арт. Z583;Тесьма с люрексом;6;1;Тесьма;170
Арт. Z584;Тесьма с люрексом;6;1;Тесьма;170
Арт. Z585;Тесьма с люрексом;20;50;Тесьма;400
